category,工廠地址,工廠位置,公司名稱,主要出口市場,主要產品,地址,年營收,成立年份,品牌,員工,員工人數,註冊地址,郵遞區號,業務類型,資本額,電話號碼(1),電話號碼(2)
機械,,台灣,鳳記國際機械股份有限公司,"亞洲,中東,歐洲,非洲,北美洲,中美洲,南美洲,大洋洲,其他",Manufacture of wide variety of extrusion processing machinery,,,1953,FKI,, 101 -  200,臺南市永康區正北一路168號,710,"出口商,進口商,製造商"," 新台幣 50,000,001 -  100,000,000",-2531277,--
燈光及照明,,,凱穎國際有限公司,"南非,美國,哥斯大黎加,多明尼克島,瓜地馬拉,宏都拉斯,墨西哥,尼加拉瓜,巴拿馬,薩爾瓦多,阿根廷,智利,哥倫比亞,秘魯,澳大利亞,紐西蘭,印尼,馬來西亞,新加坡,泰國,越南,以色列,阿曼,土耳其,比利時,瑞士,德國,丹麥,西班牙,法國,英國,希臘,匈牙利,挪威,波蘭,羅馬尼亞,瑞典,加拿大,波多黎各,厄瓜多爾,菲律賓群島,沙烏地阿拉伯,捷克,芬蘭","LED Panel, LED Tube, LED Street Light, LED flooding Light, LED downlight, LED Bulb,
                              LED office light, LED High Bay, LED High Mast, LED Desk light",,"USD 5,000,001 -  10,000,000",,,,,台南市南區金華路一段484巷183弄17號,702,"出口商,製造商,原始設備制造商,原始設計制造商",,-2654195,2655075
機械零件,,台灣,嘉泰鋼模工業股份有限公司,"美國,墨西哥,日本,馬來西亞,新加坡,泰國,台灣,俄羅斯聯邦","plastic injection mold , tooling parts",,,1990,,,,台南市安南區總安街二段7巷17號,709,"出口商,製造商,原始設備制造商,原始設計制造商",,-3555686,-3555686
機械,,,益芳封口機有限公司,"其他,南非,美國,哥斯大黎加,墨西哥,尼加拉瓜,巴拿馬,智利,哥倫比亞,秘魯,澳大利亞,紐西蘭,中國大陸,印度,日本,南韓,馬來西亞,新加坡,泰國,以色列,英國,荷蘭,加拿大,菲律賓群島,義大利","Table Type Sealing Machine, Automatic, Rotary Sealing Machine, Piston Type Filling,
                              Form Fill Pack Sealing Machine, Syrup Filler, M.A.P Packaging, Fully Production Lines,
                              Sealing Films/ Containers/ Bags, Vacuum & Skin Packing Machine.",,,1985,益芳,,,高雄市彌陀區文安北路10號,827,"出口商,製造商,原始設計制造商",,-6196720,--
機械零件,,,麗聯實業有限公司,,"Diamond & CBN Resin bonded wheel  ,  Diamond & CBN Metal bonded wheel   ,  Diamond
                              & CBN Electroplated wheels  ,  Diamond & CBN Vitrified bonded wheel  ,  Polished Diamond
                              CBN Series  ,   Diamond & CBN Tools",,,1990,麗聯,,,苗栗縣苗栗市玉華里玉清路221號,360,"出口商,進口商,製造商,原始設備制造商,其他",,+886-37-351168 EXT 12,
服飾及配件,,,司諾比國際股份有限公司,"亞洲,歐洲,北美洲,美國,澳大利亞,紐西蘭,中國大陸,印度,日本,南韓,新加坡,越南,英國,加拿大",FISHING、GOLF、HORSE RIDING,,"USD 1,000,001 -  5,000,000",1978,Snowbee,,,台南市中西區金華路3段176號7樓,700,"出口商,進口商,製造商,原始設備制造商,原始設計制造商,代理商,批發商,貿易商",,+886-6-2293151 EXT 561,+886-6-2293151 EXT 566
機械,,,全能水工實業有限公司,"亞洲,歐洲,北美洲,中美洲,大洋洲,哥斯大黎加,中國大陸,印尼,馬來西亞,泰國,台灣,越南","Rotary Blowers, Fine Bubble DiSilent Rotary Vane Blower, Fine Bubble Diffuser, Low
                              Temperature Air Cooler, Suspended Solid Skimmer",,,1992,DISO,,,台北市雙連街41號1樓,103,"出口商,進口商,製造商,原始設備制造商,代理商"," 新台幣 1,000,001 -  5,000,000",-25571099,--
農產及食品,,,世葳科技有限公司,"亞洲,中東,歐洲,非洲,北美洲,中美洲,南美洲,大洋洲","Portable Water Purifier, Health CGF Algae Extract Powder, Pressurized Cylinder",,,2015,速益發 / 普洛,,,台中市潭子區雅豐街76巷73號3樓,427,"出口商,製造商,原始設備制造商,原始設計制造商,代理商,批發商,經銷商",,-25321013,--
機械,,台灣,長瑜企業股份有限公司,"南非,美國,哥斯大黎加,墨西哥,巴拿馬,阿根廷,智利,哥倫比亞,秘魯,澳大利亞,紐西蘭,香港,印度,日本,南韓,馬來西亞,巴基斯坦,新加坡,泰國,阿拉伯聯合大公國,巴林,以色列,伊拉克,伊朗,科威特,土耳其,比利時,瑞士,德國,丹麥,西班牙,法國,英國,希臘,匈牙利,荷蘭,波蘭,葡萄牙,俄羅斯聯邦,瑞典,斯洛法尼亞,阿爾及利亞,加拿大,波多黎各,巴西,沙烏地阿拉伯,捷克,芬蘭,義大利","Household overlock sewing machine, Household sewing machine",,,,瑪麗克,, 51 -  100,臺中市大里區國光路一段125巷11號2樓,412,製造商," 新台幣 10,000,001 -  50,000,000",-24073187,--
電機及電子,,,博詳科技股份有限公司,"南美洲,大洋洲,美國,智利,澳大利亞,奧地利,德國,西班牙,法國,英國,俄羅斯聯邦,加拿大,巴西,沙烏地阿拉伯,義大利","Intelligence Surveillance System, IO Manager, SMART Touch TV Surveillance System,Wireless
                              Flashcam Video Record System,Electronic Wire Stun Gun,O3Air & Water Purifier",新北市三重區大仁街48巷22號,,2001,PSL,, 51 -  100,,241,"出口商,製造商,原始設備制造商,原始設計制造商"," 新台幣 10,000,001 -  50,000,000",-89881283,29719682
電機及電子,,,宬科技開發有限公司,"亞洲,中東,歐洲,北美洲,中美洲,南美洲,大洋洲","Buzzer, PCB Terminal Blocks, Foot Switch, Piezo Siren, LED Lighting, Limit Switches
                              for Elevator",新北市新莊區化成路398巷17號,,2006,,,,,242,"出口商,製造商,原始設備制造商",,-22795339,-22795345
家庭用品,,台灣,台辰企業有限公司,"美國,中國大陸,日本,台灣,阿拉伯聯合大公國,德國,丹麥,法國,英國,荷蘭,俄羅斯聯邦,加拿大,沙烏地阿拉伯","Kitchenknife,kitchenware,tableware.stainless steel scissors,houseware.",,"USD 500,001 -  1,000,000",1977,台辰,,,臺中市外埔區外埔路830號,438,"出口商,進口商,製造商,原始設備制造商,原始設計制造商,貿易組織"," 新台幣 1,000,001 -  5,000,000",-26835090,-26835089
紡織及皮革,,,鴻琦國際有限公司,"亞洲,中東,歐洲,非洲,北美洲,中美洲,大洋洲,其他","running dye, weaving, ,coating",,,,,,,新北市土城區中央路4段37巷4號,236,"出口商,製造商,原始設備制造商",,-22676144,
機械,台灣,,得雲精密工業有限公司,,"chiller,water cooler,oil cooler",大里區中興路一段26巷11-6號,,2000,DERYUN,,,,412,"出口商
																			,
																		製造商",,-24929034,
農產及食品,,,峰茂國際有限公司,"亞洲,中東,歐洲,非洲,北美洲,中美洲,南美洲,大洋洲","IP Camera, IP Surveillance Accessoreis And Software  Packages, After-market auto parts
                              & Accessories, Taiwan Tea, Hygienic goods, Dental implement, Medical disposable goods,
                              Aquarium goods, Sterilized acupuncture needles, Home fragrance, Eco house ware",彰化縣員林鎮成功路一巷13號4樓,,2011,,,,,510,"出口商,製造商,原始設備制造商,原始設計制造商,代理商",,-8350935,-8345835
機械,,,耐金屬股份有限公司,"美國,中國大陸,日本,馬來西亞","Powder metallurgy, Bearing, Automobiles Parts, Motorcycle Parts, Woodworking Equipment,
                              tools parts, gears, sprocket wheel, bushings",,,,,,,苗栗縣竹南鎮公義路98巷100號,350,製造商,,+886-37-639877 EXT 12,+886-37-639878 EXT 12
機械,,台灣,維多利產業有限公司,"亞洲,歐洲,北美洲,大洋洲","Draft Beer Equipment, Faucet, Giftware",新北市汐止區福德一路392巷22弄2號,"USD 1,000,001 -  5,000,000",1995,VTR,,,,221,"出口商,製造商,原始設備制造商,原始設計制造商,貿易商",,-86930157,
機械,,,開拓冷凍工業股份有限公司,"其他亞洲國家,孟加拉,中國大陸,印尼,日本,緬甸,馬來西亞,巴基斯坦,泰國,越南,斯里蘭卡,菲律賓群島","Flake Ice Maker, Film Ice Maker, Falling Film Chiller, IQF, Contact Freezer, Air Blast
                              Freezer, Cold Room",高雄市大發工業區裕民街35號,"USD 10,000,001 -  50,000,000",1976,開拓,,,,83110,"出口商,進口商,製造商,原始設備制造商"," 新台幣 10,000,001 -  50,000,000",-7872798,-7872798
醫療及保健,台灣,,瑞寶基因股份有限公司,"台灣
																			,
																		越南
																			,
																		俄羅斯聯邦
																			,
																		菲律賓群島",PRRSFREETM PRRS SUBUNIT VACCINE,台北市大安區仁愛路四段25之1號3樓,"USD  1,000,001 -   5,000,000",2008,PRRSFREETM,,,,10685,"出口商
																			,
																		製造商
																			,
																		原始設備制造商
																			,
																		原始設計制造商",,+886-2-27313191 EXT 424,
醫療及保健,,台灣,榮曜國際有限公司,"南非,美國,澳大利亞,日本,北韓,馬來西亞,新加坡,阿拉伯聯合大公國,以色列,土耳其,比利時,德國,丹麥,西班牙,英國,希臘,加拿大,巴西,厄瓜多爾,菲律賓群島,沙烏地阿拉伯","Rehabiliation Exercisers, Fitness Bicycle, Treadmills, Fitness Goods, Healthcare,
                              Physiotherapy Equipments",,,1999,"SPIRT, CURAMOTION",,,臺中市北屯區崇武街78號,40673,"出口商,進口商,製造商,原始設備制造商,原始設計制造商",,-24211903,--
機械零件,,,全球傳動科技股份有限公司,"亞洲,中東,歐洲,非洲,北美洲,中美洲,南美洲,大洋洲,其他","Ball Screw , Linear Guied, Ball Spline",,"USD 500,001 -  1,000,000",1986,,,,新北市土城區中山路91號,26,"出口商,進口商,製造商",,+886-2-26892689 EXT 1803,--
家庭用品,,,富埜實業有限公司,"亞洲,歐洲,北美洲,大洋洲","Plastic household products, 
                              canvas bag, 
                              gift and Premiums",,,2014,,,,,,"出口商,製造商,原始設備制造商,原始設計制造商,批發商,貿易商",,-3155622,--
機械,,台灣,銓欣實業有限公司,,"Automobile and Motorcycle parts
                              Bicycle parts 
                              Motor parts
                              Heat sink
                              Monitor Housing
                              Metal accessories",,,2014,,,,桃園市中壢區民權路200號,320,"出口商,製造商,原始設備制造商,原始設計制造商,代理商,批發商,貿易商,服務公司,零售商",,-4667298,-55735681
服飾及配件,,台灣,馨洋行有限公司,"美國,中國大陸,香港,日本,南韓,西班牙,英國,希臘,葡萄牙,沙烏地阿拉伯,捷克","Sandwich Foam Cup, Breast Enhancer, Air Pad, Jel Pad, Bra Pads for Underwear or Brassieres,
                              Liquid Pad, Jelly Pad, Silicone Pad, Cream Pad, Perfume Pad,Accessory",,USD ,1982,"施媚香波, 馨洋行,波波小姐",, 51 -  100,台北市金華街26號5樓,10,"出口商,進口商,製造商,原始設備制造商,原始設計制造商"," 新台幣 1,000,001 -  5,000,000",-23936741,2-23937625
農產及食品,,,綠色冀泉股份有限公司,,牛樟葉茶、牛樟原木鉛筆、手工紙、牛樟景觀盆栽、植栽APP、牛樟葉燒 tea,新北市八里區中華路2段338號3樓,,2015,綠色冀泉,,,,249,"服務公司
																			,
																		其他",,-26194373,-26194373
機械,,,貫煜工業股份有限公司,"亞洲,中東,歐洲,非洲,北美洲,中美洲,南美洲,大洋洲,其他,日本,台灣","automobile parts,motorcycle parts,gear,precision gear,engine parts,wheel cover,couping
                              parts,slide blocks,自動車部品,スライド,shafts,軸,バイク用精密ギア,ギア,連接棒,エンジン　パツ,",,,,,,,臺中市霧峰區霧工6路3-1號,413,"出口商,製造商,原始設備制造商,原始設計制造商",,-23330816,----
美容及個人用品,,,西苓國際企業有限公司,"亞洲,中東,中國大陸,馬來西亞,新加坡,台灣,越南","Hair & Scalp Treatments, Shampoo & Conditioners,
                              Skin Cares, Facial Mask.",,USD ,,,,,高雄市鼓山區華榮路53號,804,"出口商,製造商,原始設備制造商,代理商",,-5543690,--
汽機車,,台灣,卜億科技有限公司,"亞洲,北美洲,中美洲,南美洲,日本","Tire Changer,Wheel Balancer,Car&Motor Repair EquipMent",,,,Win Series(贏家),,,臺中市潭子區東寶村民族路一段312巷95號,427,"出口商,製造商,原始設備制造商",,-25343908,--
電腦,,台灣,宥榮企業有限公司,"美國,墨西哥,智利,澳大利亞,印尼,印度,日本,南韓,馬來西亞,尼泊爾,巴基斯坦,新加坡,台灣,越南,以色列,伊朗,黎巴嫩,比利時,保加利亞,瑞士,德國,西班牙,法羅群島,法國,*法國，大都市的,英國,荷蘭,波蘭,俄羅斯聯邦,斯洛伐克共和國,加拿大,巴西,沙烏地阿拉伯,捷克,義大利,立陶宛","Barcode Reader, data collector",,,1995,,,,新北市汐止區大同路一段183號7樓(經緯中心B棟),221,"出口商,製造商,原始設備制造商,原始設計制造商"," 新台幣 1,000,001 -  5,000,000",-26476913,--
電機及電子,,,宇宙康科技有限公司,"格陵蘭,瓜達康納爾島,聖匹及密啟倫群島,聖赫勒拿島,美國,其他北美洲國家,安圭拉島,荷屬西印度群島,巴貝多,百慕達群島,貝里斯,哥斯大黎加,多明尼克島,多明尼加,瓜地馬拉,宏都拉斯,海地,牙買加,聖克里斯多福及尼維斯,開曼群島,聖露西亞,蒙特色納島,墨西哥,尼加拉瓜,巴拿馬,薩爾瓦多,千理達和托貝哥共和國,聖文森,英屬維爾京群島,美屬維爾京群島,納維斯,未列名法屬中美洲領域,未列名英屬中美洲領域,阿根廷,亞魯伯,玻利維亞,智利,哥倫比亞,福克蘭群島,法屬圭亞那,*喬治亞州,蓋亞那,秘魯,巴拉圭,烏拉圭,委內瑞拉,新加坡,土耳其,安道爾,亞美尼亞,奧地利,波士尼亞-赫塞哥維那,比利時,保加利亞,白俄羅斯,瑞士,德國,丹麥,愛沙尼亞,西班牙,法羅群島,法國,*法國，大都市的,英國,喬治亞,希臘,克羅埃西亞,匈牙利,愛爾蘭,冰島,吉爾吉斯共和國,哈薩克,列支敦斯登,盧森堡,拉脫維亞,摩洛哥,摩爾多瓦共和國,馬爾他,荷蘭,挪威,波蘭,葡萄牙,羅馬尼亞,俄羅斯聯邦,瑞典,斯洛法尼亞,斯洛伐克共和國,聖馬利諾,塔吉克共和國,土庫曼,烏克蘭,烏茲別克斯坦,梵蒂岡,其他歐洲國家,塞爾維亞與蒙特內哥羅,加拿大,赫德及麥當勞群島,安提瓜和巴爾布達,巴哈馬群島,古巴,格瑞那達,聖馬丁節,波多黎各,土克斯和開卡斯群島,其他中美洲國家,未列名美屬中美洲領域,巴西,厄瓜多爾,蘇利南,其他南美洲國家,阿爾巴尼亞,亞塞拜然共和國,捷克,芬蘭,直布羅陀海峽,義大利,立陶宛,馬其頓","Li Ion Battery, Li Polymer Battery, NiMH Battery, NiMH Battery Pack, 18650/26650 Li
                              Ion Battery, Cylindrical Li Ion Battery",,USD ,2007,,,,桃園市桃園區龍安街96號8樓之1,33057,"出口商,進口商,製造商,原始設備制造商,原始設計制造商"," 新台幣 1,000,001 -  5,000,000",+886-3-3698818 EXT 0,
機械,,台灣,歐亞新有限公司,"歐洲,北美洲",#NAME?,,,2010,,,,高雄市前金區河東路8號17樓之4,801,"出口商,製造商,原始設計制造商,經銷商",,-2692678,
機械,,台灣,神電電機股份有限公司,"亞洲,中東,歐洲,非洲,北美洲,中美洲,大洋洲,突尼西亞,美國,巴拿馬,紐西蘭,中國大陸,馬來西亞,巴基斯坦,新加坡,泰國,台灣,科威特,加拿大,菲律賓群島,賽普勒斯","Magnetic Starter, Magnetic Contactor, Thermal Overload Relays, Relay, Manual Motor
                              Starter, Motor Starter, Switches, Switch, Push button",,,1973,神電 SDE,,,新北市中和區建一路100號2樓,23585,"出口商,進口商,製造商,原始設備制造商,批發商,經銷商,貿易商,服務公司,貿易組織,零售商"," 新台幣 10,000,001 -  50,000,000",-22213197,-22213198
電機及電子,,台灣,日旺有限公司,"亞洲,中東,非洲,南美洲,大洋洲,美國,日本","Inductive Voltage Regulator, Military/Ground Power Unit, Contactless IVR, AVR, 400Hz
                              Solid State (FIXED) Voltage/Frequency Converter, UPS, Inverter,Transformer, AC Source,
                              Solar System (Package), Low Frequency UPS, CVCF, Voltage Stabilizer & Regulator",,,2012,,,,新北市汐止區福德一路168號6樓,221,"出口商,進口商,製造商,原始設備制造商,原始設計制造商,代理商,批發商,經銷商",,-26932036,--
農產及食品,,,淡然有味茶文化會館有限公司,"亞洲
																			,
																		其他亞洲國家
																			,
																		中國大陸
																			,
																		香港
																			,
																		日本
																			,
																		南韓
																			,
																		澳門
																			,
																		馬來西亞
																			,
																		新加坡
																			,
																		台灣","tea, tea bags,tea set,Gift items, gift,present,taiwan oolong ,black tea, green tea,taiwan tea,nougat,taiwan oolong tea,high mountain tea,tie guan yin,donging oolong,Alishan oolong,tea ware,tea gift",台北市萬華區成都路四號五樓,,2007,淡然有味茶文化有限公司,,,,108,"出口商
																			,
																		批發商
																			,
																		經銷商
																			,
																		服務公司",,-87909974,--
電機及電子,台灣,,輝隆機械有限公司,"美國
																			,
																		中國大陸
																			,
																		香港
																			,
																		印尼
																			,
																		日本
																			,
																		馬來西亞
																			,
																		新加坡
																			,
																		泰國
																			,
																		台灣
																			,
																		越南","Autocratic AC, DC plugs, transformation plugs, computer, continuous terminals, CNC lathes computer, automatic lathes, presses processing, plastic molding, die manufacturing, CNC wire cutting copper wires, low toxicity PVC plastic tablets, NO-UL / UL outside is expected, PS / ABS non-shifting material, wire / was expected, NO-UL / UL plug material, transparent material / silver material, design and product development, plastic injection products and other services.","No.21, Aly. 37, Ln. 392, Fude 1st Rd., Xizhi Dist., New Taipei City 221, Taiwan (R.O.C.)",,1973,隆机械有限公司,,,,221,"製造商
																			,
																		原始設備制造商
																			,
																		原始設計制造商",,+886-2-26947511 EXT 19,+886-2-26947511 EXT 12
工具,,,友詮興業有限公司,"亞洲,中東,歐洲,非洲,北美洲,中美洲,南美洲,大洋洲,其他","Air impact wrench,air sander,air ratchet wrench,air drill,air die grinder,air grease
                              gun,carton stapler,hot stapler,hydraulic hose,grease hose,high/low pressure hose,
                              car charger,booster,jump starter,battery tester,power bank,wifi hotspot,grease gun,coupler,auto
                              repair tool,socket wrench,gear ratchet wrench",,,,,,,台中市北區博館路88號11樓之2,404,"出口商,進口商,製造商,原始設備制造商,原始設計制造商,代理商,批發商,經銷商,貿易商,服務公司,零售商",,-23298326,
消費性電子,,台灣,亞立田股份有限公司,"亞洲,歐洲,北美洲","Wired ; wireless headphones, headsets, speakers, microphones, amplifiers",,"USD 5,000,001 -  10,000,000",2000,,, 101 -  200,台北市中山區樂群二路189號8樓之1,104,"出口商,製造商,原始設備制造商,原始設計制造商"," 新台幣 0 -  1,000,000",+886-2-25327977 EXT 306,--
農產及食品,,,宏正國際事業有限公司,,"Organic wine/natural wine, natural tea from organic/natural
                              farming(i.e. Alishan Oolong/Jinsuan/Black/Green tea,
                              green tea powder, Rooibos tea...), Taiwan refreshments,
                              honey and gift/souvenirs.",,,2008,"HJ, 邁錫尼奧斯 Methymnaeos",,,臺北市信義區基隆路1段176號13樓,110,"出口商,進口商,原始設備制造商,批發商,經銷商,服務公司,零售商",,-22339796,-39815039
汽機車,,,合騏工業股份有限公司,"中東,歐洲,北美洲",scooter.atv.mini car.go-kart.motorcycle e-bike,,,1976,愛得利,, 101 -  200,嘉義縣義竹鄉義竹工業區義工二路2號,62447,"出口商,製造商,原始設備制造商,原始設計制造商,批發商"," 新台幣 >  500,000,000",+886-5-3426621 EXT 126,
運動用品,,,迅揚實業股份有限公司,"美國,中國大陸,日本,南韓,台灣","backpacking cookware
                              camping cooker
                              camping cookware
                              outdoor cookware
                              disposable cooking pot
                              portable  cookware
                              picnic cookware
                              hiking cookware
                              backpacking cookware with lid
                              camping pots and pans
                              camping cookware",,,,,,,桃園市國強一街220號10樓,330,"出口商,製造商",,-29522482,-29522482
醫療及保健,,台灣,凱勛國際股份有限公司 ,"中國大陸,台灣","Milk Powder, Nutritional products, Nutrition & Medical",,"USD 10,000,001 -  50,000,000",2010,,,,屏東縣萬丹鄉萬丹路一段320號,91347,"出口商,進口商,代理商,貿易商",,-7759855,
美容及個人用品,,,麥克森生物科技股份有限公司,"南非,美國,澳大利亞,紐西蘭,中國大陸,香港,日本,馬來西亞,新加坡,泰國,德國,*法國，大都市的,加拿大,沙烏地阿拉伯","skin care, foot care, foot mask, face mask, cosmetics, exfoliating, hand care, facial
                              mask, toner, soother, serum, gel mask, foot peeling",,,1999,妍膚 Nutrient Plus,,,台中市西屯區二段253巷35號2F-2,407,"出口商,製造商,原始設備制造商,原始設計制造商,服務公司,貿易組織",,-26202804,--
機械零件,,台灣,海德門精機股份有限公司,"美國,中國大陸,日本,馬來西亞,泰國,越南,土耳其,俄羅斯聯邦,斯里蘭卡","Solenoid valve、Modular  valve、Check valve、Relief valve、Control valve、Pressure switch、Cartridge
                              valve、Pump",,,,Hidraman,,,新北市淡水區頂田寮路178號,251,"製造商,原始設備制造商",,-86314981,
服飾及配件,,,天裕行有限公司,"中國大陸,香港,印尼,印度,馬來西亞,新加坡,泰國,台灣,越南,土耳其","Textile cleaning guns, cleaning sprays, cleaning solvents, Inkcleaner, stain removers",,,1968,天裕行TENLUXE,,,新北市板橋區民生路二段225號,22050,"出口商,製造商,批發商,零售商",,-22577468,22578353
電機及電子,,,瀚荃股份有限公司,"塞爾維亞,南非,美國,墨西哥,阿根廷,澳大利亞,紐西蘭,中國大陸,香港,印尼,印度,日本,南韓,馬來西亞,巴基斯坦,新加坡,泰國,台灣,土耳其,奧地利,比利時,保加利亞,白俄羅斯,瑞士,德國,丹麥,愛沙尼亞,西班牙,法國,英國,喬治亞,希臘,匈牙利,愛爾蘭,拉脫維亞,荷蘭,挪威,波蘭,羅馬尼亞,俄羅斯聯邦,瑞典,斯洛法尼亞,烏克蘭,加拿大,巴西,菲律賓群島,捷克,芬蘭,義大利,立陶宛","Connector,Cable Assembiles,I.C/Discrete Components,PCBA-EMS;Security Storage,Wireless,Cable
                              Accessories,Mobile Accessories,Power Bank,Safe Power,Virtual Desktop Sofeware",,,1990,CviLux Corporation,," 501 -  1,000",新北市淡水區中正東路一段3巷9號9樓,251,"出口商,製造商,原始設備制造商,原始設計制造商,貿易組織"," 新台幣 100,000,001 -  500,000,000",+886-2-26201000 EXT 853,+886-2-26201000 EXT 853
農產及食品,,,合締生物科技有限公司,中國大陸,PuriMax Cup,,,2013,健力美,,,台北市北投區明德路261號6樓,112,"出口商,進口商,製造商,原始設備制造商,原始設計制造商,代理商,批發商,經銷商,貿易商",,-28217881,--
建材及衛浴設備,,,畫堤生活美學有限公司,"美國,香港,台灣,加拿大",paintings,,,,,,,新北市新店區寶高路108號6樓,23144,出口商,,-22366032,-22366032
機械,,,蕎聯企業有限公司,"美國,日本,德國,法國,冰島,挪威,瑞典,義大利","(1) After Printing Machine:Casi-in Machine,Cover Folding&Cutting Machine,Paper Folding
                              Machine,Book Case Maker Machine.(2) Paper Product:Notebooks,Business Diary,Books of
                              Board Paper.etc.",,,1994,蕎聯,,,新北市新店區北新路二段268號6樓-3,231,"出口商,進口商,製造商,原始設備制造商,原始設計制造商,代理商,貿易商,貿易組織"," 新台幣 1,000,001 -  5,000,000",-29171552,-28772705
農產及食品,,,鍵淮有機股份有限公司,"香港
																			,
																		台灣","A+ growing-up plant milk powder,Optimum Nutrition plant milk",台中市南屯區五權西路三段一巷165-1號,,2003,King Way,,,,408,"原始設備制造商
																			,
																		原始設計制造商
																			,
																		代理商",,-23897373,
醫療及保健,,,宣維實業有限公司,"亞洲,歐洲","Sex Supplies
                              Adult Toys
                              Mould
                              Mold",,,,,,,新北市樹林區三俊街107巷12號,23864,"出口商,製造商,原始設備制造商",,-26892117,--
服飾及配件,,,麗朵國際企業有限公司,"歐洲,美國,澳大利亞,紐西蘭,日本,奧地利,瑞士,德國,西班牙,法國,英國,荷蘭,加拿大,義大利","Hats, Bicycle Parts, Camping Equipment",,,2010,,,,台中市龍井區竹師路一段260巷19弄47號,434,"出口商,製造商,原始設備制造商,原始設計制造商,貿易商",,-26361516,--
紡織及皮革,,,博洲企業有限公司,"亞洲,中東,歐洲,非洲,北美洲,中美洲,南美洲,大洋洲,其他","Apparel Fabric, Industrial Fabric, Packaging Fabric",,,,,,,臺中市梧棲區港埠路二段459巷30號,435,製造商,,-26566716,--
醫療及保健,,台灣,全新生醫股份有限公司,"亞洲,香港,日本,南韓,馬來西亞,新加坡,台灣",Hydrocolloid dressing - Bandage - footcare pad - Acne pad,,"USD 1,000,001 -  5,000,000",2007,IGIBAN 全新一級絆,,,桃園縣楊梅市青年路6號1樓,326,"製造商,原始設備制造商,原始設計制造商",,+886-3-4642482 EXT 605,+886-3-4642482 EXT 602
鐘錶、珠寶及眼鏡,,,朗色林科技股份有限公司,"亞洲,中東,歐洲,北美洲,中美洲,南美洲,大洋洲",precious stone & synthetic precious stones,,,,朗色林科技股份有限公司,,,台北市中山區南京東路三段208號3樓B室,104,"出口商,貿易商",,-2751159,--
機械,,台灣,川圓科技股份有限公司,"美國,中國大陸,印尼,印度,泰國,越南,加拿大","water mist fire fighting equipment, water mist fire hose reel cabinet, pond aerator,
                              paddle wheel aerator, jet aerator, fish farming aerator, shrimp farming aerator.",新北市汐止區大同路三段196-6號8樓,"USD 1,000,001 -  5,000,000",2000,"AQUASTAR,AQUASPURT",,,,221,"出口商,進口商,製造商",,+886-2-86471818 EXT 105,--
玩具、嬰幼兒及寵物用品,,,橘佑有限公司,"史瓦濟蘭,突尼西亞,美國,墨西哥,巴拿馬,哥倫比亞,秘魯,澳大利亞,中國大陸,香港,印尼,日本,南韓,緬甸,馬來西亞,泰國,越南,阿拉伯聯合大公國,伊朗,奧地利,德國,法國,英國,摩洛哥,荷蘭,衣索比亞,迦納,加拿大,巴西,厄瓜多爾,菲律賓群島,沙烏地阿拉伯,義大利",PET APPLIANCE,,,2015,JUYU,,,台中市沙鹿區自強路175巷118弄2號,433,"出口商,進口商,製造商,貿易商",,-26361640,--
燈光及照明,,台灣,新數位科技股份有限公司,"亞洲,歐洲,北美洲,中美洲,南美洲","T8 tube;LED lighting fixtures;Architectural;Landscape LED lighting products;Outdoor
                              Luminaires;Indoor Luminaires;down light;architectural linear;Architectural flood;Area
                              Floodlights,marker,Lamps,LED rope;LED strip;rigid light bar;torch;flash;marina bulb",,,2005,,,,新竹縣竹北市中華路358號12樓,302,"出口商,製造商,原始設備制造商,原始設計制造商,經銷商",,-5518029,3-5598393
化學品,,,久榮碩豐生活科技有限公司,"美國
																			,
																		澳大利亞
																			,
																		中國大陸
																			,
																		香港
																			,
																		馬來西亞
																			,
																		新加坡
																			,
																		泰國
																			,
																		阿拉伯聯合大公國
																			,
																		加拿大
																			,
																		巴西
																			,
																		沙烏地阿拉伯","thermochromic pigments, photochromic pigments,
wet sensitive ink,
water based lacquer for spray coating.
Soybean wax candles, 
glasses, ceramic
perfume glass bottle,
gift",臺北市大安區信義路4段45號10樓之1,,2013,久丰生活科技,,,,106,"出口商
																			,
																		進口商
																			,
																		製造商
																			,
																		原始設備制造商
																			,
																		代理商
																			,
																		批發商
																			,
																		經銷商
																			,
																		貿易組織",,+886-9-75664684 EXT 9,000 EXT 00
機械,,,保立新系統科技股份有限公司,"亞洲,北美洲,中美洲,南美洲,大洋洲","parking system , Provincial electrical",新北市板橋區仁愛路40巷13號,,2002,,,,,220,"製造商,原始設備制造商,原始設計制造商",,-29549288,--
電腦,,,譯麓有限公司,"亞洲,歐洲,北美洲,大洋洲,未列名美屬中美洲領域","SFP+ DAC Cables, FPCB, Rigid-PCB, Lan Transformer, Eddy Current Sorting System",,,2013,,,,新北市蘆洲區鷺江街105號,247,"出口商,製造商,原始設計制造商,經銷商",,+886-2-82863598 EXT 101,----
機械零件,,台灣,湘溢國際有限公司,"澳大利亞,汶萊,中國大陸,日本","strainer,seacock,thru-hull,intale-strainer,water strainer",,"USD 500,001 -  1,000,000",1980,,,,高雄市大寮區光明路一段873-1號,831,"出口商,進口商,製造商,原始設備制造商,原始設計制造商,貿易商",,-7888717,-7809188
機械零件,,台灣,中華民國對外貿易發展協會,"亞洲,中東,歐洲,北美洲,中美洲,南美洲,大洋洲,其他","Trade Council, Trade Services",,"USD 500,001 -  1,000,000",2003,"Taiwantrade, iDealEZ",,,台北市１１００３基隆路一段３３３號５至７樓,110,"出口商,貿易組織"," 新台幣 1,000,001 -  5,000,000",-27254316,-27254316
汽機車,,,大壬實業股份有限公司,"亞洲,中東,歐洲,非洲,北美洲,中美洲,南美洲,大洋洲,其他","SOCKET, WRENCH..ETC Hand tools, Air tools, Auto specialty(maintain) tools",,,1983,,,,台中市南區忠明南路787號２２樓,40255,"出口商,進口商,製造商,原始設備制造商,原始設計制造商,代理商"," 新台幣 10,000,001 -  50,000,000",-22636416,--
農產及食品,,,日盛物產國際有限公司,"美國,印尼,日本,新加坡,瑞士,德國,西班牙,法國,*法國，大都市的,英國,荷蘭,菲律賓群島,義大利","Fresh fruits & Enoki, Frozen fruits & vegetable, Sauces, Ice cream, Rice, Pineapple
                              Cake, Cookies, Pastry",,,2007,,,,高雄市前金區民生二路71號9樓之3,801,"出口商,原始設備制造商,原始設計制造商,批發商,貿易組織",,-2828441,--
農產及食品,,台灣,正光製藥有限公司,"亞洲,歐洲,北美洲,中美洲,南美洲,大洋洲","Medicated Pain Relief  Plaster, Ointment, Cream & Spray",彰化縣北斗鎮興農路二段258號,,1970,正光製藥,,,,52141,"出口商,進口商,製造商,原始設備制造商,原始設計制造商,批發商,經銷商",,+886-4-8870235 EXT 302,+886-4-8888918 EXT 302
機械零件,,,聯亞國際科技股份有限公司,"中東,歐洲,北美洲,大洋洲,美國,澳大利亞,伊朗,德國,加拿大","LED lighting,",,,1997,,,,新北市三重區興德路98號13F,24158,"出口商,製造商,原始設備制造商,原始設計制造商,貿易組織,其他",,-85110217,--
礦產及金屬材料,,,旭全發企業有限公司,"亞洲,歐洲,北美洲,中美洲,南美洲,大洋洲","High strength aluminium alloy, bars, rods, tubes & lines for CNC, forging, turnery.
                              2011, 2014, 2024, 3003, 5052, 5082, 6060 6061, 6063, 6066, 6082, 7005, 7010, 7050
                              & 7075 aluminium extrusion profile. Tent Tube, OPC, Forks & Bat.",,,2014,Shiu Chuan Fa,,,高雄市湖內區中山路二段2巷53弄13號,829,"出口商,進口商,製造商,原始設備制造商,原始設計制造商,服務公司",,-6990799,--
機械,,,暐德精密工業有限公司,"亞洲,中國大陸,香港,日本,澳門,泰國","SLITTING MACHINE,SLITTER KNIFE,SPACER,SEPARATOR DISC",,,,,,,新北市五股區五工六路11-1號,248,製造商,,-22900006,--
電機及電子,,,梅爾根電子有限公司,"中國大陸
																			,
																		日本
																			,
																		南韓
																			,
																		新加坡
																			,
																		菲律賓群島","fast delivery of electronic components, RF switch box, power amplifier, low noise amplifiers, RF components, connectors, Calibration kit, 40 GHz RF coaxial wires, RF adapters",高雄市鼓山區明華路323號15樓之2,,2008,,,,,804,"出口商
																			,
																		進口商
																			,
																		製造商
																			,
																		原始設備制造商
																			,
																		原始設計制造商
																			,
																		代理商
																			,
																		批發商
																			,
																		經銷商",,-5540998,--
電信,,,瑞駿科技股份有限公司,"亞洲,歐洲,北美洲,美國,中國大陸,日本,南韓,新加坡,台灣,德國,西班牙,法國,*法國，大都市的,英國,加拿大,義大利",Skype gateway for personal or enterprise,,USD ,2009,Regintech,,,新竹市東區光復路2段301號15樓,30069,"製造商,原始設備制造商,原始設計制造商",,-5734477,-936070666
包裝、印刷及廣告,,,宏易昌有限公司,"中東,歐洲,美國,智利,秘魯,澳大利亞,紐西蘭,印度,日本,新加坡,瑞典,加拿大,巴西","Point of Purchase,Store Fixture,Shop Display,Plastic Injection,Wire Forming,Sheet
                              Metal Stamping,Vacuum Forming,Heat Bending",台北市北投區大業路160號6樓,,1965,創菩有限公司,,,,112,"製造商,原始設備制造商",,-28971504,--
機械,,,向隆企業股份有限公司,"孟加拉,中國大陸,香港,印尼,日本,馬來西亞,泰國,台灣,越南,阿拉伯聯合大公國,土耳其,俄羅斯聯邦,埃及,斯里蘭卡,菲律賓群島,沙烏地阿拉伯",Corrugated Cardboard Making Machine,,,1970,向隆,,,臺中市太平區永成路99巷10號,411,製造商," 新台幣 5,000,001 -  10,000,000",-22789850,--
汽機車,,,昶東精密鑄造開發股份有限公司,"美國,印尼,新加坡,瑞士,德國,法國,匈牙利","investment casting, forging, machining, die casting, valve, Hand tools, brake, auto,
                              hardware,environmentally,ozone,casting machine,",,,1989,,,,台北市文山區羅斯福路5段125號7樓之1,116,"出口商,製造商"," 新台幣 10,000,001 -  50,000,000",-89317485,-89317392
機械,,,三照有限公司,"模里西斯,奈及利亞,突尼西亞,南非,美國,哥斯大黎加,多明尼加,瓜地馬拉,宏都拉斯,墨西哥,薩爾瓦多,阿根廷,智利,哥倫比亞,秘魯,委內瑞拉,澳大利亞,紐西蘭,孟加拉,中國大陸,香港,印尼,印度,日本,南韓,緬甸,馬來西亞,巴基斯坦,新加坡,泰國,台灣,越南,阿拉伯聯合大公國,約旦,黎巴嫩,敘利亞,土耳其,葉門,德國,英國,匈牙利,摩洛哥,荷蘭,埃及,波多黎各,巴西,斯里蘭卡,菲律賓群島,沙烏地阿拉伯","Our Main Machine: 1. Vacuum forming machine. 2. Hydraulic cutting machine. 3. Blister
                              packing machine. 4. Blister edge folding machine. 5. Cylindrical edge rolling machine.
                              6. Skin packaging machine. 7. P.T.P. packing machine. 8. Shrink turnal machine.",,,1997,三朝,, 51 -  100,彰化市大埔路67-1號,50045,"出口商,製造商,貿易組織"," 新台幣 1,000,001 -  5,000,000",-7110285,-7109846
美容及個人用品,,,淨胜生物科技企業有限公司,"中國大陸
																			,
																		香港
																			,
																		日本
																			,
																		馬來西亞
																			,
																		泰國
																			,
																		台灣
																			,
																		越南
																			,
																		菲律賓群島","賦活胜(肌膚抗老)
嫩白胜(肌膚美白)
神經元膠原蛋白(增加肌膚彈性)
食控胜(抑制食慾)
冬蟲夏草(增加體力及男性功能)",仁德區仁義路95巷18號,,,NetBio,,,,717,出口商,,-2437953,
家具,,,啟裕國際股份有限公司,"南美洲,澳大利亞,日本,北韓,馬來西亞,新加坡,德國,英國","OEM Chairs Supplier, School Furniture, Office furniture, Concert hall chairs,",,"USD 10,000,001 -  50,000,000",1999,啟裕國際股份有限公司,, 101 -  200,桃園市龜山區興業街13號,33341,"製造商,原始設備制造商,原始設計制造商,貿易組織"," 新台幣 10,000,001 -  50,000,000",+886-3-3502000 EXT 812,--
電腦,,,新精科技股份有限公司,"亞洲,歐洲,中美洲","Smart Card Reader, Magnetic Strip Reader, Ibutton Key Reader, Contactless RFID Reader,
                              NFC Reader, Hybrid Card Reader, SIM Card Reader",,,2004,,,,臺北市內湖區行善路132號2樓之4,114,"出口商,製造商,原始設備制造商,原始設計制造商",,-87924618,--
機械,,台灣,廷安食品機械有限公司,"亞洲,中東,歐洲,非洲,北美洲,中美洲,南美洲,大洋洲","Bakery machine,Bread Slicer,Dough Moulder,Mini Moulder",,,1991,,,,台中市西屯區龍潭里龍洋巷43-5號,407,"出口商,製造商,原始設備制造商",,-22517930,--
服飾及配件,,台灣,賜寶實業有限公司,"美國,中國大陸,加拿大","Hair Accessories, Hair Clip, Ponytail Holder, Headband, Jewelry, Necklace, Bracelet,
                              Earring, Keychain, Charm, Cell Phone Dust Plug, Magnet, Memo Clip, Message Holder,
                              Pet Accessories, Garments",,,1990,,,,新北市三重區溪尾街14號8樓之３,24155,"出口商,製造商,原始設備制造商,原始設計制造商",,-22865336,------
電機及電子,,台灣,瑞澤電子有限公司,"中國大陸,香港,台灣","Rotary Switch, Encoder Switch, Rotary Variable Resistor, Slide Variable Resistor,
                              Pogo pin, Car Connector, Tact Switch, Slide Switch, Pushbutton Switch, Toggle Switch,
                              SD Card, MicroSD Card, USB2.0, USB3.0, Micro USB, HDMI, LAN, DC-Jack, Phone-Jack",桃園市中壢區中央東路88號19樓之2,,2011,,,,,32041,"出口商,製造商,原始設備制造商,原始設計制造商,代理商,貿易組織",,+886-3-4266335 EXT 110,4266335 EXT 110
醫療及保健,,,普生股份有限公司,"亞洲,歐洲,非洲,北美洲,中美洲,南美洲,大洋洲,其他","In-Vitro Diagnostic Products: ELISA / RT-PCR HAV, HBV, HCV, HIV; 
                              Systems: ELISA System (Kiwi Series), RT-PCR (Genesis Series), POCT (AFP MicroSystem);
                              
                              Labware: ELISA Reader (Rito), ELISA Washer (Wato), Transportation Temperature Recorder
                              (GB TempCard), Electronic Pipettes, PCR Setup Automated System, Raw Materials (Antibody
                              & Antigen)",,,1984,,,,新竹縣寶山鄉科學園區創新一路6號,30076,"出口商,進口商,製造商,原始設備制造商,原始設計制造商,經銷商,服務公司,政府機關,貿易組織",,+886-3-5779221 EXT 204,
農產及食品,,,勝群食品有限公司,亞洲,"biscuit,snacks,",,"USD 1,000,001 -  5,000,000",2006,,,,台中市西區精美街61號,40352,"出口商,進口商,原始設備制造商",,-23108279,--
機械,,台灣,達詠興業有限公司,"亞洲,歐洲,北美洲,中美洲,南美洲,大洋洲","Sealer, sealing machine, vacuum sealer, vacuum machine, vacuum container, ultrasonic
                              welder, date coder, air valve mounting machine.",台中市大里區仁美路137巷20號,,2010,DailySealing,,,,41282,"出口商,製造商,原始設備制造商,原始設計制造商,貿易組織,其他",,-24917516,-24961577
汽機車,,中國大陸,柏翔電子工業股份有限公司,"亞洲,歐洲,北美洲,中美洲,大洋洲","GPS, Digital TV, Dashcam, LED Panel Light, LED Bulbs, LED Tubes, LED Grow Light, LED
                              Work Light, LED Flashlight, LED Light Painting",,,2007,,,,台南市中西區廣慈街32巷16-1號,70050,"出口商,製造商,原始設備制造商",,+886-6-7035080 EXT 2202,+886-6-7035080 EXT 2801
機械,,台灣,聯藝機械企業有限公司,"中國大陸,印尼,印度,日本,新加坡,泰國,台灣,伊朗,約旦,土耳其,瑞士,德國,法國,*法國，大都市的,匈牙利,荷蘭,葡萄牙,加拿大,巴西,菲律賓群島","label printing machine, offset printing machine, screen printing machine, hot stamping
                              machine, die cut machine, slitter, sheeter, rewinder,",,,1988,聯藝機械企業有限公司,,,新北市八里區仁愛路225號,249,"出口商,製造商"," 新台幣 5,000,001 -  10,000,000",+886-2-26101155 EXT 311,+886-2-26106191 EXT 309
醫療及保健,,,崴隆科技股份有限公司,"南非,美國,哥斯大黎加,瓜地馬拉,宏都拉斯,尼加拉瓜,智利,哥倫比亞,委內瑞拉,印度,日本,南韓,馬來西亞,新加坡,泰國,台灣,阿拉伯聯合大公國,以色列,伊朗,約旦,土耳其,德國,西班牙,希臘,匈牙利,愛爾蘭,馬爾他,埃及,加拿大,巴西,賽普勒斯,沙烏地阿拉伯,義大利","Vogue Stool, Mesh Chair, Back Support, Office Chair, Ergonomic Chair, Floor Lounge
                              Chair, Computer Desk, Folding Chair, Visitor Chair, Cashier Chair, Seat Pad, Backcare
                              Support, Get-up Seat Pad, waist cushion, back cushion.",,,1986,,, 51 -  100,台南市安南區海中街717之15號,70947,"出口商,進口商,製造商,原始設備制造商"," 新台幣 10,000,001 -  50,000,000",+886-6-2467580 EXT 32,+886-6-2467580 EXT 32
樂器,,,絃崴開發企業有限公司,"亞洲,中東,歐洲,北美洲,中美洲,南美洲,大洋洲","Acoustic guitar strings,Electric guitar strings, Classical guitar strings, guitar
                              strings,SPD,Musical Instruments",,,2007,SPD,,,高雄市岡山區為隨西路13巷9號,82053,"製造商,原始設備制造商,批發商",,-6218056,6218935
化學品,,,優業企業有限公司,"美國,多明尼加,巴拉圭,紐西蘭,馬來西亞,泰國,台灣,越南,加拿大",3 in 1 Natural Plant Activity Enzyme,高雄市鳥松區松埔北巷2-52號,,1993,三效合一天然植物活性酵素,,,,833,"出口商,製造商,其他",,-7326957,-7326958
家庭用品,,,盈昕股份有限公司,台灣,"cutting mat,cutting board,antibacterial mat,Whiteboard,Chopping Mat,Chopping Board.",,,2014,,,,彰化縣溪湖鎮彰水路4段鳳山巷266弄18號,,"製造商,原始設備制造商",,-8854821,--
機械,,台灣,堡豐工業股份有限公司,"亞洲,中東,歐洲,非洲,北美洲,中美洲,南美洲,大洋洲,其他",milling machine & tools,,,1986,堡豐工業股份有限公司,,,台中市后里區舊社路124-3號,421,"出口商,製造商,貿易組織",,-25589406,-25589405
機械,,,威鋒貿易有限公司,"亞洲,中東,歐洲,非洲,北美洲,中美洲,南美洲,大洋洲,其他","CNC Lathe, CNC Teach-in Lathe, Conventional Lathe & Milling Machine, Grinding machine,
                              Machining Center / Vertical, Band Sawing Machine, EDM",,,,LINT,,,台中市大雅區昌平路4段282南一巷16號,40677,"出口商,原始設備制造商",,-22657456,----
機械,,,蒲菲科技有限公司,"香港,印尼,印度,北韓,泰國,台灣,瑞典","Z Axis Setter ; EDGE FINDER;Clamping Force Gauge;BT Test Bar;
                              collet;CNC Tools Holders,Collet,Collet Chuck,",,,2002,,,,台中市大甲區大智街169號,437,"出口商,原始設備制造商,代理商,貿易組織",,-26864371,-26864371
服務業,,,長誠設計工程有限公司,"亞洲,中東,歐洲,非洲,北美洲,中美洲,南美洲,大洋洲,香港,印度,日本,北韓,馬來西亞,新加坡,泰國,台灣,阿拉伯聯合大公國,法國,英國,波蘭","Design Service, Exhibition service, Booth building, Booth set-up, Booth service, Exhibition
                              design",台北市松山區光復北路60巷37號3樓,,,,,,,10560,"出口商,進口商,製造商,其他",,-25789184,
家庭用品,,中國大陸,宇凰實業有限公司,"美國,紐西蘭,中國大陸,香港,日本,北韓,馬來西亞,泰國,台灣,比利時,德國,法國,加拿大,沙烏地阿拉伯","stuffed toy, plush toy, Plush Backpacks, Fluff Slippers,dog toy,dog bed,plush blanket,plush
                              toy with blanket,cushion,toy animal,stuffed animal,plush animal,pet toy,plush hanging
                              ornament,plush mouse pad,plush gloves,plush pen bag,plush key chain,pillow",嘉義縣竹崎鄉紫雲村崁腳25號,,1990,Y.H toys,,,,604,"出口商,製造商,批發商,經銷商,零售商",,+886-05-2542306 EXT 0,+886-05-2542306 EXT 0
美容及個人用品,,,蒂薇爾企業有限公司,"美國,澳大利亞,中國大陸,香港,澳門,馬來西亞,新加坡,加拿大",Skin Care Items,,,2012,,,,台北市興隆路二段153巷3弄6號1Ｆ　,116,"出口商,製造商,原始設備制造商",,-86630926,
美容及個人用品,,,芳田健康股份有限公司,"亞洲,中東,歐洲,非洲,北美洲,中美洲,南美洲,大洋洲,其他","UB-25 emulsifier, activity soaps,conditioned lotion, skin lotion,natural eye cream,BB
                              protection cream,cleaning cream",,,2004,水米 馬鈴薯手工皂-乾燥肌膚特用,,,台南市仁德區民安路一段82巷118號,717,"製造商,原始設備制造商,原始設計制造商",,-2908432,0
機械零件,,,嵩陽工業股份有限公司,"南非,美國,中國大陸,日本,南韓,新加坡,台灣,埃及,巴西,義大利","Ballscrew Support Unit,Nut Bracket,Motor Bracket",,,1989,,,,彰化縣鹿港鎮鹿工南三路46號,50544,"出口商,製造商",,+886-4-7812698 EXT 22,--
農產及食品,台灣,,黃金手作坊,"香港
																			,
																		日本
																			,
																		澳門
																			,
																		新加坡",Jam,台北市中山區合江５９-２號１樓,,2014,,,,,台北市,"進口商
																			,
																		製造商
																			,
																		原始設備制造商
																			,
																		原始設計制造商",,-25951454,----
電機及電子,,台灣,謄騏國際股份有限公司,"亞洲,中東,歐洲,北美洲,中美洲,南美洲,大洋洲","ceramic metallization,ceramic PCB,ceramic substrate,ceramic parts,ceramic balls,ceramic
                              tube,thin film ceramic substrate,,Nano Ceramic coating
                              super precision parts,
                              CNC parts,
                              machine parts,
                              ceramic parts,
                              ",新竹縣湖口鄉中山路三段137巷1號,"USD 1,000,001 -  5,000,000",2007,Tensky,,,,30371,"出口商,進口商,製造商,原始設備制造商,原始設計制造商,代理商,經銷商,貿易組織",,-5904135,-5904134
安全,,,御翔順股份有限公司,"突尼西亞,南非,美國,貝里斯,哥斯大黎加,墨西哥,阿根廷,哥倫比亞,印尼,印度,日本,柬埔寨,馬來西亞,泰國,台灣,越南,阿拉伯聯合大公國,以色列,伊朗,土耳其,西班牙,埃及,加拿大,安提瓜和巴爾布達,未列名美屬中美洲領域,巴西,菲律賓群島","Fire Boots, Fire Helmet, Fire Glove, Fire Motorcycle",台中市神岡區中山路821號,,2009,,, ,,429,"出口商,進口商,製造商,原始設備制造商,原始設計制造商",,-25609169,
機械,,,亞欣環保科技有限公司,"貝里斯,中國大陸,印尼,印度,馬來西亞,新加坡,台灣,哈薩克,羅馬尼亞","oil spill equiptments, oil skimmer, oil boom, boom reel, rock cleaner, simple green
                              cleaner, Oil cleanup vessels, etc.",,,2003,,,,臺北市中正區忠孝西路一段50號15樓之34,10041,"出口商,製造商,原始設備制造商",,-23708904,23709788
包裝、印刷及廣告,,台灣,樂廷科技有限公司,"亞洲,中東,歐洲,非洲,北美洲,中美洲,南美洲,大洋洲","game, slot cabinet, metal cabinet, health food, casino, pachislot, advertisement machine,
                              panel",,,,,,,臺南市永康區中正北路317巷12弄71號,710,"出口商,製造商,原始設備制造商,原始設計制造商,貿易商",,-27099491,
機械,,台灣,亦輝機械工業股份有限公司,"亞洲,中東,歐洲,非洲,北美洲,中美洲,南美洲,馬達加斯加,模里西斯,奈及利亞,蘇丹,美國,牙買加,聖文森,阿根廷,智利,秘魯,中國大陸,香港,印尼,日本,馬來西亞,泰國,台灣,越南,巴林,阿曼,土耳其,其他中東國家,葉門,俄羅斯聯邦,象牙海岸,巴西,厄瓜多爾,菲律賓群島,沙烏地阿拉伯","PE PP extruder machine, film blown machine, granule making machine, embossing machine,
                              blowing film machine, stretch film machine",,,1986,"PE,PP押出機，吹袋機，壓花布紋機，夾鍊帶製造機，回收製粒機",,,台南市明興路619巷256之1號,702,"出口商,製造商",,-2960612,-2960613
農產及食品,,,金甫聖國際有限公司,亞洲,Agricultural & Foods,,,,,,,彰化縣社頭鄉仁愛雅巷147號,51143,"出口商,製造商",,-8721890,04-8722772
農產及食品,,台灣,新來源醬園股份有限公司,"香港,日本,澳門,新加坡,台灣",KOREAN KIMCHI、BAMBOO SHOOTS、MANCHURIAN SOUR CABBAGE、KOREAN LOTUS ROOTS、KOREAN RADISH、,,"USD 500,001 -  1,000,000",1980,,, 51 -  100,高雄市大寮區大有二街29號,831,"製造商,原始設備制造商,原始設計制造商",,-7872646,--
電機及電子,,,巨懋企業有限公司,"亞洲
																			,
																		歐洲",X-OVER NETWORK; INDUCTORS; RESISTORS; Acoustic Parts; Capacitors; Terminals; Binding Posts; Uni-Polar Capacitors,台北市基隆路一段149號9樓之3,"USD  10,000,001 -   50,000,000",1978,,,,,11070,"出口商
																			,
																		進口商
																			,
																		製造商",,-27653601,----
美容及個人用品,台灣,,恆源生國際有限公司,"亞洲
																			,
																		中東
																			,
																		歐洲
																			,
																		非洲
																			,
																		北美洲
																			,
																		中美洲
																			,
																		南美洲
																			,
																		大洋洲
																			,
																		其他","高效能、止癢控油、防止落髮精油髮品，美體緊實護膚按摩油，腿部消腫循環按摩油，醫美級不起泡洗臉滴露，保濕美白身體乳液，運動後鎮定紓壓樂活身體乳，臉頸美白除皺面膜乳霜，天然護脣膏，排毒消水腫泡澡浴鹽beauty care products, personal care product after sports, massage oils, facial mask, shampoo, conditioner, essential oils, body lotion, skin care product,lip balm, personal care products for senior market, green product","Rm#3, 9Fl., No.207, Dun Hua N., Rd., Taipei, Taiwan",USD ,2011,YUEHAPPINESS,,,,105,"出口商
																			,
																		進口商
																			,
																		製造商
																			,
																		原始設備制造商
																			,
																		原始設計制造商
																			,
																		貿易商",,+886-2-77076668 EXT 0,77076668 EXT 0
農產及食品,,台灣,達觀國際股份有限公司,,"Health and beauty care enzyme
                              Organic Spirulina Fucoidan Lutein",高雄市苓雅區四維三路６號１７樓之１,"USD 1,000,001 -  5,000,000",2003,萃綠檸檬果膠酵素,,,,80250,出口商,,-5357109,
美容及個人用品,台灣,,東欣化工廠,"亞洲
																			,
																		非洲
																			,
																		北美洲
																			,
																		奈及利亞
																			,
																		多哥共和國
																			,
																		中國大陸
																			,
																		香港
																			,
																		澳門
																			,
																		馬來西亞
																			,
																		新加坡
																			,
																		越南
																			,
																		加拿大","Product Description:  
 1 Hair Care products  2  facial clean products  3 body care products  
4 cosmetics and Beauty products  5  Skin Whitening Products   6 Personal Care 
products  7 Skin Care Products  8 Hand & Foot Care Products  9 OEM ODM Manufacturer  
10 Whitening and Moisturizing Series 11 OEM Skin Care Manufacturer 12Anti-aging products

Product Category : Lipstick, Makeup Remover, cleansers, Sapindus shampoo, laundry   
detergent, soap, shower gel, Facial Cleanser, Facial Mask, Facial cleansing, Anti-aging 
products, Sun Block, Hand Gel, Whitening and Moisturizing, Body Lotion, Toner, Serum,
collagen, whitening cream, lotion, placenta extract, essential oils,  toothpaste, lotion, 
Cream, modeling milk, hair conditioner, makeup remover milk, time capsule, Hand Cream,  
deodorants, skin care water, more than 3 hundred kinds of products, etc. 

TV stations and newspapers reported the company's products :
 Apple Daily , China Times , Sanli Television ( Gold 7 seconds and a half ) , TTV ( now
Day Taiwan ) , ETTV ( special report ), TVBS ( immediately Hunt ) , China Television News ( special report ) , Hong Kong Sun ,Hong Kong Daily News , tidal People magazine and other newspapers and magazines and television programs for the company's products have all been doing feature articles .","No.292-32, Minsheng Rd., Wufeng Shiang, Taichung City 413,",,1991,MONSA 夢娜麗莎,,,,41342,"出口商
																			,
																		製造商
																			,
																		原始設備制造商
																			,
																		原始設計制造商
																			,
																		批發商",,-23307300,-23337703
機械,,,馗鼎奈米科技股份有限公司,"歐洲,北美洲,中國大陸,日本,台灣","Atmospheric Pressure Plasma, Anti-Smudge (AS) coater, Plasma Cleaner, Plasma Asher
                              Plasma Desmear, In-Line Roll To Roll , PVD Coating System
                              Diamond Film Coating, Rainbow diamond Film Coating, Cutting Tools, Plasma Power Supply
                              , Contact Angle Meter",,,2001,,, 101 -  200,臺南市永康區中正路279巷21弄59號,710,"出口商,製造商,原始設計制造商",,-2323047,--
汽機車,台灣,,騰翔玻璃有限公司,"歐洲
																			,
																		美國
																			,
																		中國大陸
																			,
																		印度","1. NATURAL AMBER GLASS 
    BULB for Automobile/motor
2. CLEAR GLASS BULB for
    Automobile/motor.
3. CLEAR CLASS BULB for 
    GERENCAL LIGHTING
4. CUSTOMIZED GLASS BULB for
    LED
5. SPRAY GLASS TUBE",苗栗縣竹南鎮大厝里獅山102號,,1988,,,,,350,"出口商
																			,
																		進口商
																			,
																		製造商
																			,
																		原始設備制造商
																			,
																		原始設計制造商
																			,
																		貿易組織",,+886-37-550232 EXT 17,-549543
玩具、嬰幼兒及寵物用品,台灣,,大倫氣球工業股份有限公司,"奈及利亞
																			,
																		美國
																			,
																		澳大利亞
																			,
																		紐西蘭
																			,
																		中國大陸
																			,
																		日本
																			,
																		台灣
																			,
																		阿拉伯聯合大公國
																			,
																		比利時
																			,
																		德國
																			,
																		丹麥
																			,
																		西班牙
																			,
																		法國
																			,
																		英國
																			,
																		荷蘭
																			,
																		加拿大
																			,
																		芬蘭","Inflatable Toys,Promotion Items,X'mas Decoration, Balloon Inflatable Toys,Promotion Items,X?mas Decoration, Balloon",臺中市神岡區岸裡村大豐路２號,"USD  5,000,001 -   10,000,000",1963,RABBIT; PROLLOON,,,,42946,"出口商
																			,
																		製造商
																			,
																		原始設備制造商
																			,
																		原始設計制造商
																			,
																		貿易商","新台幣  10,000,001 -   50,000,000",+886-4-25234126 EXT 103,+886-4-25234126 EXT 102
農產及食品,,,崴達國際股份有限公司,"汶萊,中國大陸,香港,印尼,印度,日本,柬埔寨,南韓,緬甸,蒙古,澳門,馬來西亞,尼泊爾,新加坡,泰國,台灣,越南,琉球,菲律賓群島","health products, food",,USD ,1998,"WEDAR,CHiC,Lafood,Lacook",,,高雄市前鎮區復興四路12號6樓之20,806,"出口商,進口商,原始設計制造商,零售商",,-5539987,--
包裝、印刷及廣告,,台灣,易美巨轉印科技有限公司,"南非,美國,澳大利亞,孟加拉,香港,印尼,日本,南韓,馬來西亞,巴基斯坦,新加坡,泰國,越南,阿拉伯聯合大公國,英國,荷蘭,加拿大,巴西,斯里蘭卡,菲律賓群島,沙烏地阿拉伯","transfer printing,heat transfer label,flock transfer sheet,iron on transfers,water
                              slide transfer decals,transfer stickers,transfer paper,transfer  film,foil transfers.team
                              badges,tag-less label,garment accessories,rub-on decals, dry transfer decal,",,,2000,,,,新北市泰山區明志路一段19巷5弄26號1樓,243,"出口商,進口商,製造商,原始設備制造商",,-29006317,-29090301
美容及個人用品,,台灣,多姿彩有限公司,"亞洲,其他亞洲國家,南非,美國,其他北美洲國家,貝里斯,哥斯大黎加,墨西哥,阿根廷,哥倫比亞,秘魯,巴拉圭,烏拉圭,委內瑞拉,澳大利亞,中國大陸,香港,印尼,印度,日本,北韓,澳門,馬來西亞,新加坡,泰國,越南,阿拉伯聯合大公國,以色列,卡達,土耳其,奧地利,波士尼亞-赫塞哥維那,比利時,瑞士,德國,丹麥,西班牙,法國,*法國，大都市的,英國,希臘,匈牙利,愛爾蘭,盧森堡,摩洛哥,荷蘭,挪威,波蘭,葡萄牙,羅馬尼亞,俄羅斯聯邦,瑞典,梵蒂岡,埃及,加拿大,波多黎各,巴西,厄瓜多爾,菲律賓群島,賽普勒斯,沙烏地阿拉伯,捷克,芬蘭,義大利","Pure Organic Skin Care Products & Handmade Soaps, water filters, supplements, homeopathy
                              remedies,",,,2013,Dr. J Lo,,,臺北市士林區忠誠路二段42號,111,"出口商,進口商,製造商,原始設備制造商,原始設計制造商,經銷商,零售商",,-28349814,28350698
農產及食品,,,丸文調理食品有限公司,"美國,中國大陸,日本,台灣","marlin, stir fried ,shredded, sailfish, snack, baby food , fresh ingredient ,nutrient,
                              dried",,,1950,旗聚一堂,,,台中市中區光復路30-1號,400,"出口商,製造商,原始設備制造商,批發商,服務公司,零售商",,-36085907,-22251634
醫療及保健,,,信豪健康器材股份有限公司,"亞洲,中東,歐洲,非洲,北美洲,中美洲,南美洲,大洋洲,其他,塞爾維亞,蒙特內哥羅,賴比瑞亞,摩納哥,奈及利亞,蘇丹,史瓦濟蘭,其他亞洲國家,南非,美國,其他北美洲國家,安圭拉島,巴貝多,貝里斯,哥斯大黎加,多明尼克島,多明尼加,聖露西亞,墨西哥,巴拿馬,英屬維爾京群島,美屬維爾京群島,阿根廷,亞魯伯,玻利維亞,智利,哥倫比亞,法屬圭亞那,秘魯,美屬薩摩亞,澳大利亞,裴濟,紐西蘭,法國的玻里尼西亞,帛琉,所羅門群島,東加王國,薩摩亞群島,其他大洋洲國家,未列名美屬太平洋領域,孟加拉,汶萊,香港,印尼,印度,日本,柬埔寨,南韓,寮國,緬甸,蒙古,澳門,馬來西亞,尼泊爾,巴基斯坦,新加坡,泰國,台灣,越南,琉球,阿拉伯聯合大公國,阿富汗,巴林,以色列,伊拉克,伊朗,約旦,科威特,黎巴嫩,阿曼,卡達,敘利亞,土耳其,其他中東國家,葉門,安道爾,亞美尼亞,奧地利,波士尼亞-赫塞哥維那,比利時,保加利亞,白俄羅斯,瑞士,德國,丹麥,愛沙尼亞,西班牙,法羅群島,法國,*法國，大都市的,英國,喬治亞,希臘,克羅埃西亞,匈牙利,愛爾蘭,冰島,吉爾吉斯共和國,哈薩克,列支敦斯登,盧森堡,拉脫維亞,摩洛哥,摩爾多瓦共和國,馬爾他,荷蘭,挪威,波蘭,葡萄牙,羅馬尼亞,俄羅斯聯邦,瑞典,斯洛伐克共和國,聖馬利諾,塔吉克共和國,土庫曼,烏克蘭,烏茲別克斯坦,梵蒂岡,其他歐洲國家,塞爾維亞與蒙特內哥羅,安哥拉,波札那,中非共和國,剛果共和國,阿爾及利亞,埃及,迦納,加拿大,古巴,未列名美屬中美洲領域,巴西,蘇利南,其他南美洲國家,不丹,斯里蘭卡,菲律賓群島,賽普勒斯,沙烏地阿拉伯,阿爾巴尼亞,亞塞拜然共和國,捷克,芬蘭,直布羅陀海峽,義大利,立陶宛,馬其頓","massage chair, manicure pedicure SPA Massage Chair, nail art & beauty salon equipment,
                              coin or bill operated vending massage chair, massage products, electrical massager,
                              vending machine, MP3 zero gravity 3D Massage Chairs, recliner, lift up chair, sofa",,,1990,,,,彰化縣福興鄉外中村外中街183號,506,"出口商,製造商,原始設備制造商,原始設計制造商,代理商,批發商,經銷商,服務公司,貿易組織,零售商"," 新台幣 5,000,001 -  10,000,000",+886-4-7793313 EXT 12,-7792433
機械,,台灣,裕益科技有限公司,"亞洲,中東,歐洲,非洲,北美洲,中美洲,南美洲,大洋洲,其他","Programmable Logic Controller, Distribute Control System, Remote Input/Output Modules,
                              Industrial Low Capacity Hard Disk SCSI (50pin,68pin,80pin)",,,1987,,,,高雄市三民區澄清路649號11樓之3,807,"批發商,貿易商,零售商",,-3751506,-3751507
家庭用品,,,名郁產品開發設計有限公司,"其他亞洲國家
																			,
																		其他北美洲國家
																			,
																		其他大洋洲國家
																			,
																		未列名美屬太平洋領域
																			,
																		中國大陸
																			,
																		香港
																			,
																		印度
																			,
																		日本
																			,
																		泰國
																			,
																		台灣
																			,
																		其他中美洲國家","MULTIFUNCTION FLOWER CONTAINER,EMERGENCY LIGHTING,NIGHT LIGHT,創意產品,家庭裝飾用品,花器",台中市清水區民享路211號,,1997,,,,,436,出口商,,-26267676,--
家庭用品,,,十全十美國際事業股份有限公司,,GiftsCraftsChinaware,,,,,,,台北市大安區敦化南路二段200巷16號6樓,106,"出口商,製造商",,-27369382,
汽機車,,,晁揚科技股份有限公司,"亞洲,中東,歐洲,非洲,北美洲,中美洲,南美洲,大洋洲,其他","9W LED Waterproof Cargo Lighting, 7W LED Llat Panel Lights, LED Interior Lights, Auto
                              Lamp Socket, Auto Bulb Holder, Lamp Socket Assemblies, Automobiles Parts, Motorcycle
                              Parts, Lamp Socket,Lighting,Electrical equipment,Accessories, Parts of Vessel",,,,,,,新北市三重區自強路四段3巷2號,249,"出口商,製造商,原始設備制造商,原始設計制造商",,-26186049,--
運動用品,,台灣,吉翔商品有限公司,"亞洲,中東,歐洲,非洲,北美洲,中美洲,南美洲,大洋洲,其他","1.	Product Design.
                              2.	Wholesale
                              3.	Transportation.
                              4.	Terminal Service.",,,2013,FAPCOL,,,高雄市鳳山區南江街190巷17號,830,"出口商,進口商,製造商,原始設備制造商,原始設計制造商,代理商,批發商,貿易商,服務公司",,-8217280,-8217280
化學品,,,新視代科技股份有限公司,"亞洲,中東,歐洲,非洲,北美洲,中美洲,南美洲,大洋洲,其他,孟加拉,中國大陸,印尼,日本,南韓,馬來西亞,尼泊爾,新加坡,泰國,台灣,越南,菲律賓群島","3D PRINER FILAMENT
                              ABS ,PLA ,TPE,HIPS",新北市 中和區建一路150號8F,,2006,CHIMEI,,,,235,"製造商,原始設備制造商,原始設計制造商",,+886-2-82271133 EXT 28101,+886-2-82271133 EXT 21705
電機及電子,,台灣,漢馬克驅動科技有限公司,"亞洲,中東,歐洲,非洲,北美洲,中美洲,南美洲,大洋洲","Stepping Driver, AC / DC Speed,Controller, motor, micro stepping motor driver,Brushless
                              Driver,Brushless Motor",,"USD 5,000,001 -  10,000,000",1992,,,,桃園市龍壽街189號2樓,33058,"出口商,製造商,原始設計制造商",,+886-3-3601689 EXT 229,+886-3-3601689 EXT 229
汽機車,,台灣,欣燁興業有限公司,"其他亞洲國家,日本,馬來西亞,泰國,台灣","motorcycle parts & accessories, hand grip, drive disk turning disc, brake pad, clutch
                              outer cover, clutch assembly, sliding piece, drive disk , pulley roller, cooling blade,
                              spring, valve cap & key parts, hook, drive dish-pulley ball (weightroller)",,,2003,,,,台南市定定區新吉里55-43號,745,"出口商,製造商,原始設備制造商,原始設計制造商,批發商",,-5933056,-5933107
機械零件,,,旭泰精密機械股份有限公司,"亞洲,歐洲,北美洲,美國,紐西蘭,印度,日本,南韓,新加坡,泰國,台灣,越南,伊朗,土耳其,比利時,德國,希臘,波蘭,烏克蘭,加拿大,巴西,捷克,芬蘭,義大利",spindle,,,1995,,,,臺中市神岡區神清路320-8號,429,"出口商,製造商",,-25610340,--
化學品,台灣,,益友元有限公司,,"Industrial water treatment chemicals,
water treatment tablet,
drain pan slime preventive tablet","Sec. 1, Zhongshan Rd., Taiping Dist., Taichung City 411, Taiwan (R.O.C.)",,,EI YUYUAN water treatment,,,,411,"出口商
																			,
																		製造商
																			,
																		原始設備制造商
																			,
																		原始設計制造商",,-22787219,-22787219
自行車,,台灣,詮巨有限公司,"美國,澳大利亞,香港,日本,新加坡,台灣,德國,英國","bicycle, frame, changebike, 26"" folding bike, bicycle parts, mountain bike, MTB",,USD ,2009,,,,台中市大甲區育英路266-1號,437,"出口商,製造商,貿易組織",,-26884151,--
農產及食品,,,萬岱豐食品股份有限公司,"中東,歐洲,北美洲,中國大陸",ALOE VERA JUICE,桃園縣桃園市文中路640號之2,,1995,"綠之香蘆薈,普吉椰椰子水",, 51 -  100,,330,"出口商,進口商,製造商,原始設備制造商,原始設計制造商",,-3608368,0
機械,,台灣,俊育有限公司,"亞洲,中東,非洲,大洋洲,印尼,馬來西亞",CNC machining center,,USD ,1980,俊育(JOIN),,,台中市神岡區中山路360巷41-1號,42947,"製造商,原始設備制造商,原始設計制造商",,-25627170,-25627270
家庭用品,,,宏竹實業股份有限公司,"亞洲,歐洲,北美洲,中美洲,南美洲,大洋洲,其他亞洲國家,中國大陸,香港,印度,日本,北韓,南韓,馬來西亞,新加坡,泰國,台灣,斯里蘭卡","Electric Pump, Plastic Pump, Plastic Oar, ALU. Oar, Camping Ware, Boat Parts, Educational
                              Toy Series.",,,1973,宏竹,," 501 -  1,000",新北市淡水區中正東路二段29-3號27樓,251,"出口商,製造商,原始設備制造商,原始設計制造商"," 新台幣 10,000,001 -  50,000,000",-88097204,--
運動用品,,,嘉博貿易股份有限公司,"亞洲,中東,南非,美國,澳大利亞,中國大陸,香港,印尼,南韓,馬來西亞,台灣,伊朗,德國,丹麥,西班牙,法國,英國,波蘭,聖馬利諾,迦納,加拿大,菲律賓群島","spray paint, spray lubricant, PU foam, airsoft gas",,,1986,,,,台中市南屯區工業23路25號,408,"出口商,進口商,製造商,原始設備制造商,原始設計制造商,貿易商",,+886-4-23503555 EXT 213,--
辦公室及學校用品,,,杰純企業有限公司,"亞洲,中東,歐洲,北美洲,中美洲,南美洲,大洋洲","Promotional items, Pen, Key chain, Fashion Accessories",,,1986,杰純,,,台南巿本田路三段339巷89號,709,"出口商,製造商,原始設備制造商,原始設計制造商",,-930762,-2472921
機械,,台灣,威亞精密機械有限公司,"亞洲,中東,歐洲,非洲,北美洲,中美洲,南美洲,大洋洲,突尼西亞,美國,墨西哥,哥倫比亞,澳大利亞,紐西蘭,香港,印度,日本,馬來西亞,泰國,台灣,土耳其,奧地利,保加利亞,瑞士,德國,西班牙,匈牙利,葡萄牙,羅馬尼亞,斯洛法尼亞,加拿大,巴西,菲律賓群島,捷克,立陶宛","CNC Swiss Type Lathe, Swiss Type Machine,  Swiss Turn Gang Type CNC Lathe, Swiss Turning
                              center, Sliding Head Lathe",,,2014,威亞機械,,,彰化縣埔鹽鄉新水村永新路809巷66號,516,"出口商,製造商",,+886-4-8659168 EXT 125,+886-4-8659168 EXT 9
機械,,台灣,三敏電機股份有限公司,"模里西斯,美國,哥斯大黎加,多明尼克島,多明尼加,墨西哥,巴拿馬,薩爾瓦多,阿根廷,智利,哥倫比亞,秘魯,委內瑞拉,澳大利亞,馬爾地夫,紐西蘭,孟加拉,汶萊,中國大陸,印尼,印度,日本,馬來西亞,巴基斯坦,新加坡,泰國,台灣,越南,伊朗,黎巴嫩,阿曼,土耳其,德國,丹麥,法國,*法國，大都市的,英國,希臘,哈薩克,荷蘭,波蘭,俄羅斯聯邦,瑞典,烏克蘭,加拿大,巴西,厄瓜多爾,斯里蘭卡,菲律賓群島,亞塞拜然共和國,義大利,立陶宛"," linear air pump,HVLP turbine spraying system,mini air compressor,ring blower,roots
                              blower,rotary vane blower,membrane fine bubble disc diffuser,Surface Jet Aerator,submersible
                              jet aerator,submersible mixers",新北市深坑區北深路三段153號7樓,"USD 5,000,001 -  10,000,000",1993,BLOWTAC,,,,222,"出口商,進口商,製造商,原始設備制造商,原始設計制造商"," 新台幣 10,000,001 -  50,000,000",-26628408,
機械,,台灣,世林機械有限公司,"亞洲,中東,歐洲,非洲,北美洲,中美洲,南美洲,大洋洲,肯亞,馬拉威,奈及利亞,蘇丹,多哥共和國,突尼西亞,烏干達,南非,美國,哥斯大黎加,瓜地馬拉,墨西哥,巴拿馬,薩爾瓦多,千理達和托貝哥共和國,阿根廷,玻利維亞,智利,哥倫比亞,秘魯,巴拉圭,委內瑞拉,澳大利亞,孟加拉,印尼,印度,日本,緬甸,蒙古,馬來西亞,巴基斯坦,泰國,越南,阿拉伯聯合大公國,巴林,以色列,伊拉克,伊朗,約旦,土耳其,其他中東國家,葉門,保加利亞,德國,丹麥,英國,哈薩克,摩洛哥,波蘭,葡萄牙,俄羅斯聯邦,斯洛伐克共和國,土庫曼,烏茲別克斯坦,安哥拉,阿爾及利亞,衣索比亞,迦納,加拿大,厄瓜多爾,其他南美洲國家,斯里蘭卡,菲律賓群島,賽普勒斯,沙烏地阿拉伯,阿爾巴尼亞,捷克,立陶宛","Plastic Recycling Machine, Blown Film Machine, Bag making Machine, Extruder, Extruders,
                              Plastic Pelleizer, Inflation machine, Auxiliaries,Film Making machine, Granulator,
                              Crusher, Waste recycling equipment, Shredder, Co-extruder, plastic bag machine",,"USD >  50,000,000",1988,,,,臺南市永康區富強路1段279巷101號,710,"出口商,製造商",,-2730009,
機械,,台灣,銓麥企業股份有限公司,"中國大陸,香港,印尼,日本,北韓,馬來西亞,新加坡,台灣,菲律賓群島","Bakery Equipment Machine
                              Spiral Mixer
                              Twin Twist Mixers
                              Lifting / Tilting System
                              Double Arm Mixer
                              Horizontal Type Mixer
                              Planetary Mixer
                              Flour Silo System
                              Ice Water Supply System
                              Dough Divider
                              Volumetric Divider & Rounders
                              Intermediate Proofers
                              Dough Moulder
                              Dough Sheeter
                              Final Proofer
                              Oven
                              Slicer
                              Bread Production Line
                              Cake/Cookie Production Line
                              Peripheral Equipment",,,1996,銓麥,,,新北市新店區民權路88-1號8樓,23141,"出口商,製造商,原始設備制造商,原始設計制造商,代理商"," 新台幣 1,000,001 -  5,000,000",-86675176,-26804831
農產及食品,台灣,,正新製米股份有限公司,"亞洲
																			,
																		中國大陸
																			,
																		香港
																			,
																		日本
																			,
																		馬來西亞
																			,
																		新加坡
																			,
																		泰國
																			,
																		台灣
																			,
																		越南
																			,
																		菲律賓群島",Vacuum Packaged Rice/ Bag Rice,"No.530, Sec. 1, Yuanji Rd., Tianzhong Township, Changhua County 520, Taiwan (R.O.C.)",,1950,King Rice,,,,520,製造商,,-8739355,-8739355
機械,,,鴻英股份有限公司,"亞洲,歐洲,阿拉伯聯合大公國","Auto. Encrusting & Forming Machine, Semi-Auto. Shu-Mei & Dim Sum Robot, Bakery Machine",,,1980,,,,台北市和平東路三段１２３號７樓A室,10675,"出口商,進口商,製造商,原始設備制造商,代理商",,-27383155,--
化學品,,台灣,水興實業有限公司,中國大陸,"PP SHEET, Polypropylene sheet, PPS SHEET",,,1987,,,,桃園市龜山區東壽路642巷76號,333,"出口商,進口商,製造商,代理商,經銷商",,-3497958,--
機械,,台灣,恩福科技股份有限公司,"美國,澳大利亞,印尼,馬來西亞,越南,阿拉伯聯合大公國,阿曼,英國,加拿大,沙烏地阿拉伯","Fire Nozzle, Fire Monitor",,,,Ally Fire Tech,,,臺南市仁德區三甲里6-11號,717,"製造商,原始設備制造商,原始設計制造商",,-2302811,-2662631
服飾及配件,,,必和創意設計有限公司,泰國,機能服飾,台北市中山區民權東路3段58號4樓,,2011,,,,,台北市,"出口商
																			,
																		進口商
																			,
																		製造商
																			,
																		批發商
																			,
																		服務公司",,+886-2-25041100 EXT 136,------
包裝、印刷及廣告,,台灣,晴騰企業有限公司,"亞洲,北美洲,澳大利亞","Custom Label/ Hot Foil Stamping Label / Drink & Beverage label / Squeeze Bottle Label
                              / Wine or Liquor Bottle Label / Security Label / Warning Label/ Static Label / Food
                              Packaging Labels / Bath & Beauty Label / Household Label/ Promotion Label / Transparent
                              Labels…etc.",,,2000,,,,高雄市三民區孝順街537巷22號,80755,"出口商,製造商,原始設備制造商",,+886-7-3970099 EXT 14,
機械,,,經匠精密工業股份有限公司,,,,,,,,,,,,,-37030027,
運動用品,,台灣,超群電子股份有限公司,"中東,歐洲,北美洲,中美洲,南美洲,大洋洲,中國大陸,印度,日本,馬來西亞,新加坡","Pedometers, Pulse Meters, Heart Rate Monitor, Step Counter, Air Cleaners, Rain Gauges,
                              Other Fitness Measuring Instruments; LED Light; LED module;",新北市新店區中正路四維巷2弄8號2樓,"USD 1,000,001 -  5,000,000",1980,Bestek; Ultima,,,,23148,"出口商,進口商,製造商,原始設備制造商,原始設計制造商,批發商,經銷商,貿易商,服務公司",,+886-2-22185239 EXT 12,-82185146
消費性電子,,台灣,慶盈機械股份有限公司,"亞洲,歐洲,北美洲,中美洲,南美洲,大洋洲","Cellphone Bumper Case, Cellphone Accessories, Mechanical parts OEM/ODM manufacture
                              service.",,"USD 5,000,001 -  10,000,000",1987,DEVILCASE,,,新竹市牛埔南路496巷2號,300,"製造商,原始設備制造商,原始設計制造商,零售商",,-5301390,+886-3-5302273 EXT 11
電機及電子,,台灣,晶茂電子科技有限公司,"美國,中國大陸,日本,馬來西亞,台灣,比利時,德國,英國,羅馬尼亞","RCA Plug, RCA Jack, Audio Plug, Audio Jack, Optical Fiber Connector, Spade Post, BNC
                              Connector, N Connector, UHF Connector, TNC Connector, 1.6/5.6 Connector, Banana Plug,
                              Binding Post,",,,1980,,,,台南市歸仁區大廟一街136號,71145,"出口商,製造商,原始設備制造商,原始設計制造商",,-2087743,-2738039
化學品,,,大立高分子工業股份有限公司,,"Chemicals
                              Polymer Materials
                              Photo-Electronic Materials
                              Conductive polymer",,,,,,,高雄市仁武區後安里永宏巷10號,81441,"出口商,製造商",,-3710442,--
農產及食品,,,嘉億貿易有限公司,"歐洲,其他,南韓,台灣,土耳其,西班牙,法國,挪威,其他歐洲國家","Fresh shallot,Dried shallot,Dry shallot,Noodle,Garlic,Vegetarian food material,Ingredients,
                              Kombu, Laminarin Seaweed,Fungus,Pinenuts, walnut, Almond powder,red beans, green beans,Bamboo
                              Leaves,Dried fish,Kelp knot,Dried shrimps",,,,,,,高雄市前金區中華三路7號11樓之1,801,"出口商,進口商,批發商,服務公司",,-2725570,--
汽機車,,台灣,強網工業股份有限公司,"歐洲,北美洲,中國大陸,日本,南韓","Gearbox for AC/ DC power tool
                              Metal Injectino Molding parts
                              Powder Molding parts
                              Mechanical processing parts
                              De-waxing products
                              High Density High Performance Powder Metallurgy",,,2000,,,,桃園縣平鎮市平鎮工業區工業一路14之2號4樓,324,"出口商,製造商,原始設備制造商,原始設計制造商,貿易組織",,+886-3-4193888 EXT 2701,--
機械,,,康固有限公司,"亞洲,中東,歐洲,非洲,北美洲,中美洲,南美洲,大洋洲,奈及利亞,美國,智利,薩摩亞群島,中國大陸,巴基斯坦,泰國,越南,以色列,敘利亞,法國,英國,波蘭,烏克蘭,烏茲別克斯坦,加拿大,其他中美洲國家,巴西,菲律賓群島,沙烏地阿拉伯,捷克","tissue paper machine_ slitter rewinder_ hand towel machine_ wet tissue machinery_
                              wet towel machine_toilet roll machine_ jrt rewinder_slitting machine_ opp tape machine_
                              cutter_log saw_paper products machine",,,1984,CANGO,,,台灣 新北市樹林區23868 中正路641號13F,23868,"出口商,製造商,服務公司",,-26761457,-26761153
服務業,,,國眾電腦股份有限公司,,Google 廣告代理,臺北市內湖區陽光街２９８號３樓,,1985,Google 關鍵字廣告代理, 201 -  500,,,臺北市,服務公司,"新台幣 >   500,000,000",+886-2-27996789 EXT 2573,+886-2-27996789 EXT 2918
家庭用電器,,,錤錸有限公司,"亞洲,中東,歐洲,非洲,北美洲,中美洲,南美洲,大洋洲,其他","Water Purifier, Water Treatment, Water Filter, Water Dispenser, Drinking Fountain,
                              Water Treatment System",,,,一零一健康活水,,,高雄市三民區九如二路234號1樓,80759,"出口商,製造商,原始設備制造商",,-3218220,
工具,,,維勝特企業股份有限公司,"美國,墨西哥,澳大利亞,紐西蘭,日本,南韓,新加坡,德國,西班牙,法國,英國,荷蘭,瑞典,加拿大,義大利",garden tools,臺中市梧棲區中港加工出口區緯六路18號,,1991,,, 51 -  100,,435,"出口商,製造商,原始設備制造商,原始設計制造商",,-26569698,-26569708
五金,,,大億彈簧工業有限公司,"亞洲,中東,歐洲,北美洲,大洋洲,其他","Wave Springs, Retaining ring, Constant Force Spring, Torsion Spring, Compression Spring,
                              Power Spring, Extension Spring, Customized Spring, Metal stamping, High Precision
                              parts, Wire forming",,,1987,,,,新北市新莊區中正路721巷9號,243,"出口商,進口商,製造商,原始設備制造商,原始設計制造商",,+886-2-29019896 EXT 13,+886-2-29041027 EXT 13
機械,台灣,,台灣身力舒有限公司,"亞洲
																			,
																		中東
																			,
																		歐洲
																			,
																		非洲
																			,
																		北美洲
																			,
																		中美洲
																			,
																		南美洲
																			,
																		大洋洲
																			,
																		其他","Yacht, Marine & Machine 
construction and maintainance
Habour construction and  maintainance
Parts service","12F,No.200, FuXing S. Rd., Sec. 1, Taipei",,2015,TSLS,,,,114,"出口商
																			,
																		進口商
																			,
																		代理商
																			,
																		批發商
																			,
																		經銷商
																			,
																		貿易商
																			,
																		服務公司
																			,
																		零售商
																			,
																		其他",,-37072479,-37072479
農產及食品,,台灣,利沙企業有限公司,"亞洲,中東,歐洲,北美洲,中美洲,南美洲,大洋洲,其他","(1) Life Style Brand  EVER LEE - Creative Interior Goods  (2) Art Creative Brand 
                              Lisa Lee.Hsiu Living Gallery - Painting Art, Ceramic Art ,  Hand made Painted Ceramic
                              Plate and Ceramic Interior Goods  (3) Art Lohas Food Style Brand  - “Sun Rainbow”
                              Sun rainbow Noodles, Sun Rainbow Sauce &  design of food package and related package.
                              (4) Art  Brand Be Good_Modern Formosan Black Bear - Art IP Licensing  & Art Restaurant
                              Franchising Service System.",,"USD 500,001 -  1,000,000",1987,Ever Lee,,,台北市天母西路63號5樓,11152,"出口商,製造商"," 新台幣 1,000,001 -  5,000,000",+886-2-28756185 EXT 0,
機械,台灣,,聯有機器股份有限公司,,"Injection Molding Machine, Rubber- and plastic-working machinery,
Plastic Processing Machine","No. 60  TaiYii 12nd St. Tu Kou Village, Jen Teh Hsiang,  Tainan  Hsien",,1985,LienYu,,,,71747,"出口商
																			,
																		製造商",,-2727566,
機械零件,,台灣,來多利股份有限公司,"美國,日本,台灣,德國,加拿大","Mechanical Part: Zinc Alloy Die-casting, Aluminum Alloy products, Locks, Fasteners,
                              Automobiles Parts, Motorcycle Parts, Hardware, Electric Part, Molds, Electric Equipment
                              Part, Key, Key Cylinder, Door Handle, Electric Cold Plate",,,,,,,新北市三重區光復路二段9號1樓,241,"出口商,製造商,原始設備制造商,原始設計制造商",,+886-2-29956689 EXT 110,--
農產及食品,,台灣,辰允實業有限公司,"美國,澳大利亞,中國大陸,香港,日本,澳門,馬來西亞,新加坡,泰國,台灣,阿拉伯聯合大公國,瑞士,德國,法國,英國,愛爾蘭,荷蘭,挪威,瑞典,加拿大,沙烏地阿拉伯,芬蘭","高海拔烏龍茶	High Mountain Oolong Tea
                              綠茶	Green Tea
                              紅茶	Black Tea
                              佳葉龍茶	Gaba Tea
                              綠茶茶包	Green Tea Bags
                              紅茶茶包	Black Tea Bags
                              佳葉龍茶茶包	Gaba Tea Bags
                              散茶	Loose tea
                              裸包茶	Loose package Tea
                              真空包裝茶	Vacuum package Tea
                              綠花椰菜芽萃取錠	Broccoli sprout extract tablets
                              綠花椰菜芽萃取錠	Broccoli sprout extract powder
                              紫高麗菜芽萃取錠	Purple cabbage sprout extract powder
                              便利土(植物營養土壤)	Easy growth (Soil fertilizer)
                              玫瑰石英膏	Crystal rose ointment
                              黃金薰衣草玫瑰膏	Golden Lavender Rose ointment",,,1991,有機勇Dr. Yung,,,臺中市沙鹿區公明里中清路六段306號,43344,"出口商,進口商,製造商,代理商,貿易商"," 新台幣 10,000,001 -  50,000,000",-26151209,886--
機械零件,,台灣,湧鑫實業有限公司,"亞洲,中東,歐洲,非洲,北美洲,中美洲,南美洲,大洋洲","3~5 WAY BALL VALVE, FLANGED BALL VALVE, STAINLESS STEEL BALL, BALL VALVE, SANITARY
                              VALVE, CHECK VALVE, GLOBE VALVE, GATE VALVE, STRAINER, NEEDLE VALVE, BUTTERFLY VALVE",,,1990,TARGET VALVE,,,臺中市太平區太平23街45號,41144,"出口商,製造商,原始設備制造商,原始設計制造商"," 新台幣 10,000,001 -  50,000,000",+886-4-22775458 EXT 13,+886-4-22775459 EXT 14
家具,,台灣,皇在企業股份有限公司,"美國,澳大利亞,中國大陸,印尼,印度,日本,馬來西亞,新加坡,泰國,台灣,越南,德國,丹麥,西班牙,英國,拉脫維亞,波蘭,烏克蘭,加拿大,巴西,義大利","LID STAY,HINGE,INVISIBLE HINGE,DOOR HINGE,TABLE FASTENER,FOLDING HARDWARE FOR BABY
                              TABLE,BED FASTENER,BED HOOK PLATE,RAISING HARDWARE,BABY BED CARDLES,BED FITTING,BED
                              FITTING,SLIDE RAILS,TABLE STOPER,SASH LOCK,SWIVEL LOCK",,,1974,F.T.,,,高雄市仁武區竹工二巷２８號,81448,"出口商,製造商,原始設備制造商,原始設計制造商",,-3715934,-3748014
機械,,,雙冠生技股份有限公司,亞洲,"drinks, juices, beverages，beer ,refrigerator",,"USD 5,000,001 -  10,000,000",2012,MUGITA,,,臺中市西屯區大墩路942號2樓,407,"製造商,原始設備制造商,原始設計制造商",,-23269826,-5575600
電腦,,,思銳科技股份有限公司,"亞洲,中東,北美洲,中美洲,南美洲","SDN Solutions for Enterprise
                              SDN Enterprise Switch
                              
                              SDN Solutions for Private Cloud
                              Data Center-grade SDN Switch",,,2011,思銳科技股份有限公司,, 51 -  100,新竹市東區科技五路2號4樓,300,原始設備制造商,,-5798918,-5798918
機械,,台灣,久閤工業有限公司,"亞洲,中東,歐洲,南美洲,美國,加拿大","Forged Brass Ball Valves, 2-pc Ball Valves, 3-pc Ball Valves, 3-Way Ball Valves, Brass
                              Fittings and Parts, Mini Ball Valves, Gas Ball Valves, Lead Free Valve, Check Valves,
                              Gate Valves, Stainless Steel Valves, Brass Valve Balls, Shut Off Cocks.
                              鍛造銅球閥 鍛造銅零配件 自來水表組 伸縮止水栓 自來水錶組零配件 拉桿伸縮十字濾管  三通球閥 儀錶閥 銅閘閥 不鋼球閥 不鋼配管接頭",,,1971,NIGO,,,彰化市彰鹿路93巷9號,500,"出口商,製造商,原始設備制造商,原始設計制造商",,+886-4-7633995 EXT 17,--
礦產及金屬材料,,,兆光實業有限公司,"中國大陸,日本,南韓,馬來西亞,台灣,越南","Kaolin Clays, Steamers, Nano Silica, Frit Powder, Mica",高雄市前金區七賢二路417-1號5F,,,,,,,801,"出口商,進口商",,-2166478,--
燈光及照明,,,綠介科技有限公司,"亞洲,中東,歐洲,北美洲,中美洲,南美洲,大洋洲","LED Desk Lamps, LED Mood Lights with APP",,,2012,GREEN FIRST,,,新北市中和區景平路268號33樓,23581,"出口商,製造商,原始設備制造商,原始設計制造商",,-89430124,-
醫療及保健,,日本,旺皇實業有限公司,台灣,"LCH HATA , Panel,LCH 乳酸菌,LCH HATA Lactobacillus +Enzymes,LCH HATA ,",,"USD 500,001 -  1,000,000",,,,,新北市中和區連城路232號2樓,23553,貿易組織,,+886-2-82269999 EXT 123,+886-2-82269999 EXT 120
建材及衛浴設備,台灣,,永逢企業股份有限公司,"紐西蘭
																			,
																		中國大陸
																			,
																		香港
																			,
																		日本
																			,
																		南韓
																			,
																		越南
																			,
																		保加利亞
																			,
																		加拿大","New Zealand, Japan, Hong Kong, Republic of Korea, Bulgaria, Mainland China, Vietnam",新北市永和區福和路389號8樓,,1983,永逢,,,,234,"出口商
																			,
																		進口商
																			,
																		代理商
																			,
																		批發商
																			,
																		經銷商
																			,
																		貿易商
																			,
																		服務公司
																			,
																		零售商",,-22324144,
機械,,,宏朔國際股份有限公司,"中國大陸,香港,印尼,印度,日本,馬來西亞,泰國,越南,菲律賓群島","metal sensor, nir sorting machine for plastic recycling",,,2014,brisort,,,新北市新店區民權路100號11樓之1,231,"出口商,進口商,製造商,原始設計制造商,貿易商",,-82192742,--
電機及電子,,台灣,鈞舜科技企業有限公司,,"DC UPS, POWER SUPPLY, UPS, INVERTER, PLASTIC PARTS, MOULD",,,2008,,,,新北市土城區學府路1段37巷2號,23658,"出口商,製造商,原始設備制造商,原始設計制造商",,+886-2-22700496 EXT 625,9-39381389
消費性電子,,日本,積智電股份有限公司,"美國,日本,台灣",9h Blue light blocking screen protector  film,,,1999,9h Blue light cut screen protector film,," 501 -  1,000",桃園市復興路207號11樓之2,330,"出口商,進口商,製造商,原始設備制造商,原始設計制造商,經銷商,貿易商,零售商",,+886-3-3314711 EXT 117,--
機械,,,發路米興業有限公司,"美國,中國大陸,日本,南韓,馬來西亞,泰國,加拿大","Bimatellic Barrel,Injection Screw,
                              Tie bar, Nitrite Barrel,Nitrite Screw,Nozzle, Flange, Check Sheet, Check Ring, Screw
                              Tip ,Guide bar, Nuts etc...",,,2004,,,,台南市東區中華東路3段452巷8弄1號,701,"出口商,製造商,原始設備制造商,原始設計制造商",,-3356793,-3356793
機械,,,台鈺機械實業有限公司,"奈及利亞,南非,美國,澳大利亞,紐西蘭,孟加拉,中國大陸,香港,印尼,印度,南韓,馬來西亞,新加坡,泰國,台灣,越南,科威特,西班牙,法國,*法國，大都市的,英國,匈牙利,加拿大,斯里蘭卡,菲律賓群島,沙烏地阿拉伯","food machine,puff pastry machine,bread forming machine,bun machine,paratha machine,layered
                              food machine,dumpling machine,samosa,tortilla,chapati,making machine,chinese onion
                              pie machine, pizza base making machine",,,1999,,,,台南市安定區牛肉寮65-40號,745,"出口商,進口商,製造商,原始設備制造商",,-5930707,--
機械,,,千沛實業有限公司,"亞洲,中東,歐洲,非洲,北美洲,中美洲,南美洲,大洋洲,南非,美國,安圭拉島,哥斯大黎加,墨西哥,尼加拉瓜,巴拿馬,阿根廷,智利,秘魯,烏拉圭,澳大利亞,紐西蘭,柬埔寨,馬來西亞,巴基斯坦,新加坡,泰國,台灣,越南,阿拉伯聯合大公國,奧地利,比利時,瑞士,德國,丹麥,西班牙,法國,英國,匈牙利,列支敦斯登,荷蘭,挪威,波蘭,葡萄牙,羅馬尼亞,瑞典,埃及,加拿大,波多黎各,巴西,厄瓜多爾,斯里蘭卡,菲律賓群島,沙烏地阿拉伯,捷克,芬蘭,義大利,立陶宛","tag pin, tag gun, cloth cutting machin, impulse sealer, rotary cutter, cutting mat
                              , scissors, sewing notion, hot melt glue gun , nylon cable tie, dressmaking ruler,
                              round blade , Quilting Ruler",,,1979,,, ,新北市汐止區環河街185巷7號,221,"出口商,進口商,製造商,原始設計制造商"," 新台幣 1,000,001 -  5,000,000",+886-2-26943311 EXT 13,
家庭用品,,台灣,延昌五金鉤環彈簧工廠,"美國,日本,台灣,巴西,芬蘭","springs, wire form, flat form, stamping parts, fastener and metal hardware",,"USD 500,001 -  1,000,000",1992,YENCHANG,,,台南市安南區工明路201號,709,"出口商,製造商,原始設備制造商,原始設計制造商",,-2553243,--
機械,,,英芳實業有限公司,"南非,美國,其他北美洲國家,墨西哥,巴拿馬,阿根廷,智利,秘魯,澳大利亞,紐西蘭,中國大陸,香港,印尼,印度,馬來西亞,新加坡,泰國,越南,阿拉伯聯合大公國,伊拉克,伊朗,約旦,科威特,黎巴嫩,阿曼,卡達,土耳其,其他中東國家,比利時,西班牙,法國,*法國，大都市的,英國,希臘,荷蘭,葡萄牙,其他歐洲國家,埃及,加拿大,波多黎各,其他中美洲國家,巴西,其他南美洲國家,斯里蘭卡,菲律賓群島,其他非洲國家,沙烏地阿拉伯,義大利","surface jet aerator,submersible jet aerator,rotary drum screen, drum filter, water
                              UV sterilizer,Air blower, air diffuser, static screen,bar screen, pump, plastic tray,Blisters,
                              Clamshells",,,,,,,屏東縣長治鄉繁華村繁華路84巷47弄3號,908,"出口商,進口商,製造商",,-7625982,-7625982
服飾及配件,,,群曜股份有限公司,"亞洲
																			,
																		歐洲
																			,
																		北美洲","Card style shoehornSHONE Card
shoehorn
靴べら",台北市內湖區石潭路65號12樓,,2008,SHONE ,,,,114,"出口商
																			,
																		製造商
																			,
																		原始設備制造商
																			,
																		原始設計制造商",,+886-2-27951658 EXT 188,+886-2-27951658 EXT 102
農產及食品,,,博古企業有限公司,"美國
																			,
																		哥斯大黎加
																			,
																		智利
																			,
																		巴拉圭
																			,
																		中國大陸
																			,
																		香港
																			,
																		南韓
																			,
																		馬來西亞
																			,
																		新加坡","vegetarian starch for konjac pdt, ingredients for vegetarian food processing, konjac glucomannan, refined konjac powder, konjac improver, dietary fiber.",新北市新莊區五權二路22號4樓之8,,2002,,,,,24892,"出口商
																			,
																		進口商
																			,
																		製造商
																			,
																		代理商",,-22982777,----
礦產及金屬材料,,,美亞國際貿易股份有限公司,,"Stainless Steel Sheets
                              Stainless Steel Pipes
                              Carbon Steel Pipes",,,,Mayer Steel Pipe Corporation,,,台北市中山區民權東路三段2-1號12樓,104,"出口商,進口商,製造商,貿易商",,+886-2509-8678 EXT 6001,--
建材及衛浴設備,,台灣,華茂興業有限公司,"歐洲,其他亞洲國家,美國,澳大利亞","card,stamps,cutting template,embossing folders,art clay",新北市新莊區化成路11巷37號,,,,,,,242,"出口商,製造商,原始設備制造商,原始設計制造商",,-29911642,--
家庭用品,,,田芯企業有限公司,"美國,哥斯大黎加,香港,日本,北韓,越南,西班牙","Facial beauty mask, clean tool, flooring wipe, disposable underwear,  coverall, isolation
                              gown, bouffant, nylon glove, face mask, shoe cover, duster, floor wipe",,,2007,,,,新北市林口區麗園一街11巷11號6樓之2,24447,"出口商,進口商,製造商,原始設備制造商",,+886-2-27419911 EXT 16,--
燈光及照明,,,文輝興業有限公司,"亞洲,中東,歐洲,非洲,北美洲,中美洲,南美洲",track lighting and accressories,,"USD 1,000,001 -  5,000,000",1991,,,,新北市五股區成泰路一段241巷15號,24842,"出口商,製造商,原始設備制造商,原始設計制造商",,-22919586,--
電機及電子,,中國大陸,歐巨科技股份有限公司,"亞洲,歐洲,北美洲","Connectors
                              Cable Assembly
                              Wire Harness
                              Interface Module
                              Relay Module",,"USD 1,000,001 -  5,000,000",1996,,, 101 -  200,新北市新店區寶橋路235巷123號8樓之4,231`,"出口商,製造商,原始設備制造商,原始設計制造商",,-89191294,
電腦,,,恩控系統股份有限公司,"亞洲,中東,歐洲,北美洲,南美洲,大洋洲","GatewayMini Smart Home and IoT Core Gateway is highly integrated and scalable IoT
                              gateway designed for smart home hub that compact and easy-to-use smart home controller
                              integrated IR, ZigBee and WiFi multiplexing RF technology.",,,2014,NxControl,,,新竹縣竹北市文興路257號10樓,30264,"出口商,製造商,原始設備制造商,原始設計制造商",,+886-3-6685799 EXT 200,+886-3-6685799 EXT 233
農產及食品,,,彩智國際事業股份有限公司,"亞洲,歐洲,北美洲,中美洲,南美洲,大洋洲,其他","--天然868茶(芭樂心葉茶)
                              --868-S健康代餐餅乾
                              --868-S綜合酵素+ 補給品
                              --868-S芭樂葉複方
                              --868禮盒
                              
                              --Natu",,,,868,,,台北市中正區忠孝西路一段50號21樓之26,100,"出口商,製造商,原始設備制造商,原始設計制造商,批發商",,+886-2-77253799 EXT 1279,77253799
紡織及皮革,,台灣,宏宥實業有限公司,"美國,其他北美洲國家,澳大利亞,裴濟,馬爾地夫,帛琉,其他國家,孟加拉,中國大陸,香港,印尼,印度,日本,柬埔寨,南韓,緬甸,蒙古,澳門,馬來西亞,尼泊爾,新加坡,泰國,台灣,越南,土耳其,奧地利,瑞士,德國,西班牙,法國,英國,希臘,波蘭,葡萄牙,瑞典,其他歐洲國家,加拿大,斯里蘭卡,菲律賓群島,芬蘭,義大利","Lingerie fabric,
                              Beachwear fabric,
                              Underwear fabric,
                              Jacquard fabric,
                              Knit fabric
                              Jersey",新北市板橋區溪路105號11樓之1,,2000,FABTEX,, 201 -  500,,220,"出口商,製造商",,-26754366,+886-2-26755250 EXT 0
機械,台灣,,兆偉工業有限公司,"歐洲
																			,
																		美國
																			,
																		澳大利亞
																			,
																		日本
																			,
																		泰國","Crusher
Plastics Mixer
Stirring machine",彰化市泰和路一段46號,,1986,兆偉,,,,500,"出口商
																			,
																		製造商",,-26236213,
機械,,,沛宏國際企業有限公司,"亞洲
																			,
																		中東
																			,
																		歐洲
																			,
																		中美洲
																			,
																		南美洲
																			,
																		大洋洲
																			,
																		其他
																			,
																		美國","LIQUID SEPARATION SYSTEM AND MAJOR WATER TREATMENT RELATED COMPONENTS AS RO SYSTEM, WASTE WATER SYSTEM, PURIFIER, FILTRATION SYSTEM, EDI, RESIN/MEDIA, SST FILTER HOUSINGS, PENTAIR FRP TANK, CODELINE FRP PRESSURE VESSELS, DOW/FILMTEC RO MEMBRANES",台中市西屯區福順路333號6F-16,,2009,,,,,407,"出口商
																			,
																		進口商
																			,
																		製造商
																			,
																		原始設備制造商
																			,
																		經銷商",,-24638077,--
化學品,,,新紅揚企業有限公司,"亞洲,中東,歐洲,非洲,北美洲,中美洲,南美洲,大洋洲,其他","PE , POLYPROPYLENE RESINS, PET CHIPS, GENERAL HARDWARE, CASTING & FORGING MAINLY :
                              HAND TOOL, ELECTRONIC, COMPUTER, MUSICAL INSTRUMENTS, LIGHTING, TEXTILE MACHINERY
                              ACCISSORIES / OEM & ODM",台北市內湖區瑞光路513巷26號4樓之1,,,,,,,114,"出口商,代理商",,-87515843,--
機械,,,億豐精密有限公司,"印尼,日本",Steel Coil、 Steel Ball、Machinery,,,1994,,,,新竹縣竹北市嘉政二街40號,302,"出口商,進口商,代理商,貿易商,貿易組織",,-6585652,--
醫療及保健,,台灣,衡奕精密工業股份有限公司,"南非,美國,秘魯,中國大陸,印尼,印度,日本,馬來西亞,泰國,以色列,伊朗,黎巴嫩,其他中東國家,奧地利,瑞士,德國,西班牙,法國,英國,荷蘭,挪威,波蘭,俄羅斯聯邦,瑞典,其他歐洲國家,加拿大,巴西,菲律賓群島,芬蘭,義大利","Medical health care products,
                              Laser module,
                              Laser pointer,
                              Laser Leveler,
                              Fiber optic break tester,",,,1981,衡奕,, 51 -  100,新北市新莊區化成路305號,242,"出口商,製造商,原始設備制造商,原始設計制造商"," 新台幣 50,000,001 -  100,000,000",+886-2-85218692 EXT 246,-85220122
鐘錶、珠寶及眼鏡,,台灣,源點有限公司,"亞洲,中美洲,其他亞洲國家,中國大陸,香港,馬來西亞",Health Jewely Products，Bracelet，Necklace，,,,2012,,,,中山區中山北路二段153號3樓,104,"出口商,製造商,原始設計制造商,其他",,-25815338,
汽機車,,台灣,全炬利國際有限公司,"亞洲,中東,歐洲,非洲,北美洲,中美洲,南美洲,大洋洲,其他,美國,墨西哥,哥倫比亞,澳大利亞,中國大陸,香港,印尼,印度,日本,馬來西亞,新加坡,泰國,台灣,德國,英國,加拿大,義大利","Door Lock, Electronic Lock, Mortise Lock, Mortice Lock,Tubular Lock, Key, Latch, Deadbolt,
                              Key Cylinder, Euro Profile Cylinder, Cylinder Pin, Dowel Pin, Shafts Pin, Exit Device,
                              Building Hardware, Glass Door Handle, Hinge, Invisible Hinge, Door Stopper, Wood Plastic
                              Composite, WPC, Ignition Coil, TPMS, Motorcycle TPMS, Truck TPMS, Steering Wheel switch
                              control",,,2015,ER,,,高雄市三民區民族一路80號6樓之2,807,"出口商,進口商,製造商,原始設備制造商,原始設計制造商,代理商,批發商,零售商",,-3981588,
工具,,,亞柏士氣動工具股份有限公司,"突尼西亞,其他亞洲國家,美國,阿根廷,智利,哥倫比亞,澳大利亞,印尼,印度,北韓,馬來西亞,巴基斯坦,新加坡,泰國,越南,阿拉伯聯合大公國,伊拉克,伊朗,阿曼,奧地利,波士尼亞-赫塞哥維那,保加利亞,德國,丹麥,法國,英國,希臘,匈牙利,冰島,波蘭,俄羅斯聯邦,烏克蘭,阿爾及利亞,埃及,加拿大,古巴,巴西,菲律賓群島,沙烏地阿拉伯","AIR TOOLS, DIE GRINDER, AIR IMPACT WRENCH, PNEUMATIC TOOLS, AIR IMPACT TOOLS, AIR
                              SCREWDRIVER, AIR DRILL, AIR ANGLE GRINDER, AIR SANDER, AIR DIE GRINDER, AIR MICRO
                              DIE GRINDER, AIR TURBOLAP, AIR GRINDER, IMPULSE TOOLS, SHUT- OFF AIR OIL TOOLS, PULSE
                              TOOLS, AIR RATCHET WRENCH, TORQUE TESTER, AIR RATCHET, ratchet wrench, angle grinders,
                              AIR TOOL, AIR GRINDERS, pneumatic drill, angle die grinder, impact wrench, angle grinder,
                              impact wrenches, air wrench, ratchet wrenches, industrial pneumatic tools",,,2000,,,,台中市西屯區中科路1688號,407,"出口商,製造商,原始設備制造商,原始設計制造商",,-24511086,-24511236
農產及食品,,,保證責任彰化縣青信果菜生產合作社,亞洲,Domestic production of various fruits big wholesale / retail,彰化縣溪州鄉大庄村登山路一段298號,,2007,,,,,524,"出口商
																			,
																		製造商
																			,
																		批發商
																			,
																		經銷商
																			,
																		零售商",,-8805276,-8806025
機械,,台灣,友信機械股份有限公司,"亞洲,中東,歐洲,北美洲,中美洲,南美洲","cold forging machine, multi-station, cold heading machine, cold header, multi-station
                              heading machine, bolt former, bolt parts former, Nut Parts Former, Nut Former, parts
                              former, multi-station forming machine, fastener, forging machine, hex, screw",,,,,,,台南市關廟區南雄路一段539號,718,"出口商,製造商,原始設計制造商",,-5958123,----
電機及電子,,,萬雄國際有限公司,"亞洲,歐洲,北美洲","LCD panels, Mini Android Projectors, Wireless charge Module, Smart Mirror for vehicle,
                              Auto parts and accessories",,,,,,,台北市大同區伊寧街41號2樓,103,"出口商,進口商,代理商,經銷商,貿易商,零售商",,-25925134,-25925134
農產及食品,,台灣,愛捷科技股份有限公司,"南非,中國大陸,香港,印尼,印度,日本,緬甸,澳門,馬來西亞,新加坡,加拿大","Top Spring Life Energy Water System, SEH 997 Concentrated Solution, SEH Super Energy
                              Enzyme, Water Filter, Water Filtration System, Remove Chlorine Shower Head",,,1986,Aizia,,,新北市板橋區民權路226號五樓,,"出口商,製造商,原始設備制造商,原始設計制造商"," 新台幣 10,000,001 -  50,000,000",-29663216,
機械,,台灣,建煜工業股份有限公司,"亞洲,中東,歐洲,非洲,北美洲,中美洲,南美洲,大洋洲,其他,南非,美國,貝里斯,墨西哥,智利,澳大利亞,馬爾地夫,中國大陸,香港,印尼,印度,日本,北韓,馬來西亞,新加坡,泰國,台灣,越南,以色列,伊朗,約旦,科威特,奧地利,比利時,保加利亞,德國,丹麥,法國,英國,希臘,荷蘭,波蘭,瑞典,斯洛法尼亞,加拿大,巴西,斯里蘭卡,菲律賓群島,沙烏地阿拉伯,芬蘭,義大利","blower,centrifugal blwoer, 
                              ventilation fan, impeller,fan wheel (strip / tablock) ,turbo blower,backward impeller,
                              送風機，抽風機，多翼式風機，風輪，葉輪，透浦式風輪",,,1972,建煜,, 51 -  100,臺中市霧峰區吉峰村吉峰63號,41342,"出口商,製造商,原始設備制造商,原始設計制造商"," 新台幣 10,000,001 -  50,000,000",+886-4-23322627 EXT 220,0-0 EXT 0
電機及電子,,,生宇企業股份有限公司,"美國,澳大利亞,中國大陸,香港,日本,南韓,馬來西亞,新加坡,泰國,台灣,德國,英國,匈牙利,加拿大,義大利",Capacitor,,"USD 1,000,001 -  5,000,000",1976,SSE,, 51 -  100,新北市中和區錦和路126號,23585,"出口商,製造商"," 新台幣 10,000,001 -  50,000,000",-22238206,--
電腦,,,心研舍文化創藝有限公司,"亞洲,中東,歐洲,非洲,北美洲,中美洲,南美洲,大洋洲,其他","Paper products, DIY crafts, metal combination arts and crafts",,,,,,,新北市三峽區白雞33-63號,237,"出口商,進口商,製造商,原始設備制造商,原始設計制造商,代理商",,-86711927,--
電腦,,,亞毅精密股份有限公司,,SSD Hoursing,,,,,,,新北市五股區五工五路14號5樓,2489,"製造商,原始設備制造商,原始設計制造商",,-22899127,--
機械零件,,台灣,銘唯精密企業有限公司,"亞洲,中東,歐洲,非洲,北美洲,中美洲,南美洲,大洋洲,其他",Vise Jig Clamp Hydraulic Fixture Workholding Aluminum parts CNC Machining parts Manufacture,,,1986,,,,彰化縣和美鎮嘉佃路713巷58號,508,"出口商,製造商,原始設備制造商,原始設計制造商",,-7571615,
汽機車,台灣,,鍵成翔工業有限公司,"亞洲
																			,
																		中東
																			,
																		歐洲
																			,
																		非洲
																			,
																		北美洲
																			,
																		中美洲
																			,
																		南美洲
																			,
																		大洋洲
																			,
																		其他
																			,
																		印尼
																			,
																		印度
																			,
																		泰國
																			,
																		菲律賓群島","Injection mold, Compression mold, Transfer Injection mold, Sliding track,",新竹縣竹北巿中和街62巷17弄13號,,1982,,,,,30267,"出口商
																			,
																		製造商
																			,
																		原始設備制造商
																			,
																		原始設計制造商
																			,
																		服務公司",,-5518714,-5518714
農產及食品,,,品那滋食品股份有限公司,"亞洲
																			,
																		中東
																			,
																		歐洲
																			,
																		非洲
																			,
																		北美洲
																			,
																		中美洲
																			,
																		南美洲
																			,
																		大洋洲
																			,
																		其他",PEANUT BUTTER,桃園縣龍潭鄉中正路佳安段352號,,1993,,,,,32546,"進口商
																			,
																		批發商","新台幣  10,000,001 -   50,000,000",-4711712,-4711692
機械,,台灣,久隆機械工業有限公司,"南非,美國,哥斯大黎加,巴拿馬,薩爾瓦多,秘魯,澳大利亞,中國大陸,印尼,馬來西亞,新加坡,泰國,越南,阿拉伯聯合大公國,約旦,比利時,英國,埃及,菲律賓群島,沙烏地阿拉伯","Air grease pump, Air oil pump, Hydraulic Press, Shock absorber spring compressor,
                              Auto Repair Tools, Lubrication equipment,",,"USD 1,000,001 -  5,000,000",1988,久隆,,,台中市大里區健行路6巷88號,412,"出口商,製造商,原始設備制造商"," 新台幣 5,000,001 -  10,000,000",-24926127,-24926127
機械,,,塑熙精密有限公司,"亞洲,中東,歐洲,非洲,北美洲,中美洲,南美洲,大洋洲,美國,日本,德國,匈牙利,波蘭,俄羅斯聯邦,加拿大","Cable Cutting and Stripping Machines, Crimping Presses, blade",桃園縣平鎮市民族路雙連二段118巷35號,,1998,,,,,324,"製造商,原始設備制造商,原始設計制造商",,-4203147,-15017177279
家庭用品,,,雪瑞企業有限公司,"歐洲,美國,澳大利亞,中國大陸,日本,英國","Security bags, Security Seal, Closet Organizers, Suit Covers, Thermal Bags",,,1987,,,,臺南市歸仁區和順路一段63巷1號,71145,"出口商,製造商,原始設備制造商"," 新台幣 1,000,001 -  5,000,000",-3307920,--
汽機車,,,明里科技股份有限公司,"北美洲,中國大陸,香港,日本,澳門,馬來西亞,台灣,越南","Water Repellent Coating, Anti Fouling Coating, Air Purify Coating, Nano TiO2 Coating,
                              Self Clean Coating, Car Nano Coating, Antimicrobial coatings",台北市信義路5段5號5G07,,2007,AKALI,,,,11011,"出口商,製造商,原始設備制造商",,-27584006,--
電機及電子,,,利優電子有限公司,"其他亞洲國家
																			,
																		南非
																			,
																		美國
																			,
																		墨西哥
																			,
																		委內瑞拉
																			,
																		澳大利亞
																			,
																		紐西蘭
																			,
																		香港
																			,
																		印度
																			,
																		日本
																			,
																		馬來西亞
																			,
																		巴基斯坦
																			,
																		新加坡
																			,
																		台灣
																			,
																		越南
																			,
																		阿拉伯聯合大公國
																			,
																		以色列
																			,
																		奧地利
																			,
																		比利時
																			,
																		保加利亞
																			,
																		瑞士
																			,
																		德國
																			,
																		丹麥
																			,
																		西班牙
																			,
																		法國
																			,
																		*法國，大都市的
																			,
																		英國
																			,
																		希臘
																			,
																		愛爾蘭
																			,
																		波蘭
																			,
																		瑞典
																			,
																		斯洛伐克共和國
																			,
																		埃及
																			,
																		加拿大
																			,
																		斯里蘭卡
																			,
																		捷克
																			,
																		義大利","cable,custom made cable,medical cable,assembly,wire,usb,hdmi,vga,display port,dvi,db15,db9,cat5e,rj45,RCA,SCSI,flat,ribbon,printer cable,monitor cable,Retractable,convert,charger,dc,ac,plug,connector,adapter,component,",新北市鶯歌區文化路264號,,2001,,,,,23942,"出口商
																			,
																		進口商
																			,
																		製造商
																			,
																		原始設備制造商
																			,
																		代理商
																			,
																		批發商",,+886-2-26795800 EXT 15,----
